Arbiter_ID,Arbiter_Name
A-113-OQGW,Angela Ortiz
A-643-PGGY,Henry Craig
A-951-PQAX,Lisa Flores
A-481-XDJY,Matthew Shepherd Jr.
A-682-KGJO,Jacob Delgado
A-280-BQZY,Mr. Bradley Crawford
A-164-PTLV,Lorraine Hodges
A-404-PHDO,Jeffrey Rodriguez
A-641-VEEM,Benjamin Welch
A-864-KMZU,Roberto Salas
A-193-MODO,Megan Norman
A-653-HSVC,James Leonard
A-376-LHEG,Kenneth Silva
A-285-OMXX,Anthony Kelly
A-400-WVNE,Francis Wallace
A-978-BMXJ,Brandon Cooley
A-075-JZKY,John Powers
A-576-ZMEW,Sonia Franklin
A-479-ABQX,Gary Salazar
A-370-KAHS,Timothy Wade Jr.
A-227-LKKU,John Clark
A-105-JDYG,Kristen Wolfe
A-647-RJIK,Maria Smith
A-846-UILI,Katie Daniels
A-323-XPBU,Tony Clark
A-037-PABZ,Allen Gutierrez
A-988-NGYH,Robin Lee
A-046-LPRZ,Rebecca White
A-433-UIVZ,Alexander Carpenter
A-370-BBYP,Carlos Vaughan
A-174-FIOU,Charles Rubio
A-497-RSND,Robert Hanson
A-482-YSYR,James Richardson
A-964-FAZS,Andrew Howell
A-733-AUEN,Joseph Aguilar
A-072-OOEB,Jessica Finley
A-543-NJWT,John Dunn
A-288-AQQN,Jacqueline Anthony
A-426-GEMT,Yolanda Gonzalez
A-448-DFTZ,Donna Forbes
A-458-UQCQ,Jermaine Huff
A-832-HHGJ,Andrea Austin
A-739-NXKI,Jeffrey Russell
A-707-DMNM,Sean Cook
A-806-WBOK,Angela Sullivan
A-444-FJOY,Whitney Stein
A-107-OZAY,Cheryl Graham
A-497-VXCO,Timothy Clark
A-920-YIJT,Mr. Mark Norman
A-205-LUPN,Scott Chambers
A-212-YSGP,Jacob Young DDS
A-930-CXBL,Dr. James Richard
A-636-BSBV,Donald Rangel
A-848-JGUB,Edward Fernandez
A-038-HPER,Paul White
A-546-TDIK,Natalie Parks
A-355-UJHG,Margaret Shepard
A-585-QDOU,Misty Gutierrez
A-415-VUCA,Todd Anthony
A-181-EAUL,Gary King
A-251-WEVQ,Jesus Anderson
A-307-XLTG,Lisa Barr DDS
A-771-ZNFJ,Douglas Baker
A-507-QWWG,Timothy Ford
A-753-MBOK,Rachel Gibson
A-875-XYXX,Amanda Robles
A-953-RXIU,Stephanie Wong
A-584-EYAH,Karen Moore
A-285-RKWL,Charles Goodman
A-821-IGTM,Tara Williams
A-275-YFLC,Jose Blanchard
A-546-VWCY,Erin Brown
A-994-IXNI,Mr. Gerald Sanders
A-475-CECH,David Guerra
A-794-BPJV,Felicia Howard
A-110-ZOXW,Heather Dominguez
A-455-RFSN,Kristy Green
A-133-ZXLE,Amanda Daniel
A-689-FQUI,Nathan Nichols
