Player_ID,Player_Name,DOB,Gender,Fide_Rank,Player_Rating,Country
GD-11-MCSU,Paul Fletcher,1957-06-13,M,,,GD
CF-73-AWDV,Kaitlyn Sweeney,1970-12-01,F,,,CF
SL-37-GVYX,Joshua Robinson,1988-10-16,M,,,SL
PE-42-UTAT,James Banks,1975-11-20,M,,,PE
BN-21-NJLH,Heidi Maldonado,1963-09-10,F,,,BN
LA-84-WLTS,Shelby Martinez,1983-05-11,F,,,LA
LB-50-OJRQ,Eric Vazquez,1972-10-26,M,,,LB
UY-98-WJIP,April Daniels,1999-11-09,F,,,UY
FR-56-GSWF,Todd Barnes,1964-01-10,M,,,FR
PS-74-TZSS,Joseph Mann,1982-01-22,M,,,PS
ME-10-UIUV,Stephanie Rodriguez,1957-06-12,F,,,ME
SM-35-WTRU,Christopher Rodriguez,1953-10-11,M,,,SM
SK-73-BGAP,Emily Stephens,1982-06-13,F,,,SK
BW-29-KQMM,Heather Wright,1984-03-25,F,,,BW
DM-57-XECI,Scott Vaughn,2001-03-21,M,,,DM
CG-86-AMJF,Robert Sanders,1988-03-01,M,,,CG
AT-46-VVPY,Laurie Acosta,1968-04-28,F,,,AT
SY-38-FCVX,Anna Johnson,1961-06-14,F,,,SY
PY-33-OEQQ,Brian Anderson,1959-05-07,M,,,PY
CG-03-SHYA,Katie Reynolds,1953-05-31,F,,,CG
UY-76-ACAP,Ronald Jenkins,1987-02-07,M,,,UY
MV-09-ERRA,Garrett Miller,1970-08-22,M,,,MV
US-01-PZRZ,Kimberly Lin,1995-12-09,F,,,US
BI-39-PWNY,Beverly Simpson,2001-04-08,F,,,BI
NE-30-EJDP,Elizabeth Mccormick,1989-12-18,F,,,NE
BH-00-SPDN,Erica House,1982-06-05,F,,,BH
AG-69-VFQD,Jenna Roberts,1953-05-23,F,,,AG
TO-23-KPJC,Justin Short,1970-01-29,M,,,TO
CI-73-DDVN,Jose Santos,1973-11-27,M,,,CI
AG-01-UXIE,Karen Ryan,1994-06-20,F,,,AG
BA-46-HOBD,Claire Walton,1985-11-23,F,,,BA
LK-48-GFAN,Ashley Stevens,1997-10-12,F,,,LK
CL-21-YPEN,Sandra Yang,1953-03-20,F,,,CL
KE-92-WAHC,Joseph Thompson,2004-04-05,M,,,KE
MW-96-PLJP,Julie Hayes,1979-09-23,F,,,MW
TJ-03-QKMC,Thomas Richard,1956-01-05,M,,,TJ
NG-37-TUDL,Tara Gallagher,1968-03-13,F,,,NG
GD-24-YYDQ,Andrew Carpenter,1998-09-17,M,,,GD
ER-91-BELR,Tonya Carter,1985-11-17,F,,,ER
ET-94-PLBO,Anthony Rodriguez,1982-01-27,M,,,ET
IE-78-DBMB,Lindsey Levine,1970-11-18,F,,,IE
IQ-63-RQKX,Melissa Frazier,2001-05-18,F,,,IQ
PA-36-PQVX,Matthew Robinson,1990-06-02,M,,,PA
MY-90-IXMO,Terri Hoover,1978-03-17,F,,,MY
SM-75-TARR,Nancy Perez,1974-06-10,F,,,SM
ST-89-VJUD,Maria Hansen,1993-06-05,F,,,ST
SZ-90-SHZL,Savannah Reynolds,1987-01-14,F,,,SZ
KG-63-NPRU,Jeffery Frazier,1966-11-20,M,,,KG
NL-80-YBKY,Terry Holland,1988-04-21,M,,,NL
RW-56-VHBX,Jessica Holt,1983-12-03,F,,,RW
KW-05-LASK,Richard Lee,1976-05-16,M,,,KW
IR-30-ZMJJ,Robert Rodriguez,1967-08-03,M,,,IR
MA-16-CPUF,Mike Cherry,1963-09-02,M,,,MA
NR-86-QALK,Emily Chen,1982-09-19,F,,,NR
RU-15-XKLL,Eric Vaughn,1975-06-16,M,,,RU
CA-97-JDWO,Gary Smith,1983-08-08,M,,,CA
NO-72-SVLU,Samuel Moore,1983-09-06,M,,,NO
PH-45-MUMM,Linda White,1980-05-06,F,,,PH
ER-35-DGSN,John Franco,1988-08-16,M,,,ER
CR-08-ARCA,Martin Moss,1957-09-15,M,,,CR
SI-27-BNDV,Tiffany Thomas,1963-07-17,F,,,SI
IQ-86-FKRC,Leslie Elliott,1973-09-04,F,,,IQ
SZ-49-IPDQ,Kayla Blackwell,1956-05-06,F,,,SZ
KP-84-JABW,Erin Young,1987-10-05,F,,,KP
ER-41-HTKZ,Melissa Williams,1985-05-31,F,,,ER
LI-58-XSDH,Donna Hawkins,1989-10-16,F,,,LI
NI-18-BWLH,Teresa Butler,1995-08-28,F,,,NI
IT-59-BTTN,Andres Williams,1970-10-19,M,,,IT
NE-62-IHMM,Patrick Smith,1980-10-20,M,,,NE
GM-33-UABS,Lisa Jones,1965-05-17,F,,,GM
AZ-47-QWLH,Jeffrey Greene,1967-11-27,M,,,AZ
UY-42-PKBY,Joseph Morris,1975-11-29,M,,,UY
BZ-26-LQOR,Bobby Evans,2004-07-16,M,,,BZ
CL-86-BMGQ,Francis Larson,1989-04-25,M,,,CL
LA-96-IKDR,Phillip Stone,1981-11-19,M,,,LA
UY-95-IRHR,Christopher Reynolds,1990-10-30,M,,,UY
IT-81-JRGZ,Gregory Bowen,1954-01-12,M,,,IT
SI-91-IWXU,Jessica Horton,1956-01-23,F,,,SI
GR-09-NTDK,Andrew Reed,1988-07-22,M,,,GR
VN-96-RDGX,Ariana Taylor,1954-10-02,F,,,VN
KI-84-HMSI,Derrick Barnes,1964-04-30,M,,,KI
BW-63-EHYG,Sharon Gonzalez,1996-02-25,F,,,BW
KZ-80-AJMS,Kristin Murphy,2003-06-09,F,,,KZ
TJ-06-ATOI,Maureen Lowe,1980-09-28,F,,,TJ
PG-13-YNZI,Amber Morgan,1989-02-14,F,,,PG
HR-92-EXFA,Henry Davis,1999-07-22,M,,,HR
BE-59-YWVU,Tara Guzman,1961-06-15,F,,,BE
UA-70-DWGU,Amanda House,1959-07-05,F,,,UA
KH-67-NVBX,John Mason,1968-10-28,M,,,KH
KW-62-TNZV,Lisa Ruiz,1976-04-28,F,,,KW
BO-28-TBNO,Christopher Lawrence,1985-07-01,M,,,BO
LB-12-FNFW,Patricia Tanner,1974-10-22,F,,,LB
HR-48-WDHS,Ann Christensen,1996-11-01,F,,,HR
NR-35-OKYO,Carlos Davis,1985-11-02,M,,,NR
KW-99-OALO,Kristin Guzman,1972-09-01,F,,,KW
CI-56-JEEV,Sergio Heath,1970-12-25,M,,,CI
US-09-BLZO,Micheal Perez,1964-01-29,M,,,US
PA-55-KOZI,Michael Hensley,2002-02-13,M,,,PA
FI-18-FWJQ,Gary Hunter,1970-02-07,M,,,FI
MU-19-DRUS,Chad Houston,1990-11-11,M,,,MU
SZ-36-IVIJ,Zachary Williams,1966-03-20,M,,,SZ
TJ-36-OYEE,Cassandra Reid,1998-02-23,F,,,TJ
MT-47-DKON,Sarah Greene,1999-10-15,F,,,MT
LA-10-QYGC,John Hardin,1967-11-14,M,,,LA
VC-16-BWYN,Carlos Meyer,1960-04-28,M,,,VC
NA-82-ANYB,Kelly Ramos,1969-07-30,F,,,NA
AR-98-XSUS,Janice Hernandez,1961-12-14,F,,,AR
CG-46-YOJL,John Jenkins,1953-02-06,M,,,CG
MX-47-GIVV,Steve Ross,1967-02-16,M,,,MX
LS-01-AVPU,Mckenzie Lester,1959-08-29,F,,,LS
ML-92-EMPI,Michael Anderson,1987-09-18,M,,,ML
BH-19-RPNK,Matthew Rose,1992-04-15,M,,,BH
UY-94-EVPM,Nancy Thomas,1961-02-08,F,,,UY
ZA-10-ZRYG,Mary Vaughn,1998-12-13,F,,,ZA
IQ-75-UUPG,Meghan Michael,1974-01-20,F,,,IQ
FJ-05-KTCM,Alvin Johnson,2000-05-31,M,,,FJ
IL-34-YPFP,Timothy Stephens,1994-10-19,M,,,IL
NL-07-DPEV,Linda Patterson,1953-04-04,F,,,NL
VN-52-RHMS,Taylor Mcdowell,1972-02-06,F,,,VN
MD-72-HEIY,Christine Campbell,1983-07-29,F,,,MD
DE-70-XILT,Kayla Zavala,1989-04-10,F,,,DE
AL-62-BFLA,Erin Grimes,1966-07-25,F,,,AL
GD-25-KEVO,Phillip White,1957-05-04,M,,,GD
MH-31-JCCD,Melissa Wilson,1966-02-21,F,,,MH
AM-84-OYFG,Jason Day,2002-05-16,M,,,AM
BG-47-NLGN,Gary Matthews,1979-06-26,M,,,BG
PE-60-FNHK,Charles Gomez,1998-11-05,M,,,PE
AT-77-PINK,Bradley Short,1963-06-04,M,,,AT
IT-66-YFJV,Jamie Martin,1987-10-06,F,,,IT
KE-83-NKYF,Debra Torres,1994-03-19,F,,,KE
GY-20-VFXW,Colton Hobbs,1967-10-26,M,,,GY
NP-18-ERKS,Kimberly Wise,1956-01-20,F,,,NP
PE-24-LSCA,Kevin Martin,1972-07-03,M,,,PE
DO-69-PCZW,Mark Dillon,2000-02-27,M,,,DO
MU-89-GSXN,Carol Carroll,2003-06-04,F,,,MU
GD-59-RSVK,Ashley Brady,2000-04-22,F,,,GD
MH-12-EVPJ,Fernando Fleming,1973-09-02,M,,,MH
TM-44-ZODE,Rebecca Barnes,1966-06-03,F,,,TM
RS-63-RIQJ,Mary Peters,1958-04-27,F,,,RS
KW-76-YCVT,Mark Martinez,1953-02-23,M,,,KW
KW-53-IZAS,Matthew Edwards,1967-08-28,M,,,KW
BZ-55-RHJN,Susan Montoya,1969-08-17,F,,,BZ
SR-09-IMKS,Carl Serrano,1967-08-09,M,,,SR
UZ-68-JHLD,Kristin Jones,1964-02-03,F,,,UZ
BR-53-KGTH,Kelly Miller,1961-12-15,F,,,BR
BD-73-VDRS,Monique Simmons,1987-09-25,F,,,BD
CR-60-TRCN,Mark Hale,1959-02-21,M,,,CR
SO-45-MHHL,Gerald Acosta,1998-04-17,M,,,SO
MG-80-LYTR,Antonio Lopez,1981-02-02,M,,,MG
MY-62-XDON,Tina Mcfarland,1973-03-08,F,,,MY
BB-26-ORPS,Timothy Saunders,1953-05-01,M,,,BB
AM-22-XXZF,Ann Mcclain,1984-08-10,F,,,AM
LY-97-RDKK,Carol Beard,1968-07-05,F,,,LY
BT-81-FBLL,Joshua Walker,1959-08-08,M,,,BT
TJ-30-GCKH,Jacob Preston,1981-12-23,M,,,TJ
CD-89-OVGE,Shane Garcia,1991-06-27,M,,,CD
RS-70-OFJF,Brian Morgan,1973-04-09,M,,,RS
ES-82-PEDA,Jessica Hays,1953-10-27,F,,,ES
UA-69-MXFG,Rebecca Soto,1973-05-01,F,,,UA
BH-28-ZNFO,Taylor Meadows,1999-08-01,F,,,BH
NZ-13-IKUU,Stephanie Castillo,1995-01-08,F,,,NZ
ER-07-BIIT,Phillip White,1979-05-04,M,,,ER
QA-92-PBXC,Nicole Brown,1962-12-26,F,,,QA
ST-50-RCEL,Philip Greer,1997-08-06,M,,,ST
KP-79-KNIX,Andrew Tate,1965-01-16,M,,,KP
AG-48-HPGN,Andre Johnson,1971-01-16,M,,,AG
ST-30-HUSL,Carol Morgan,1977-08-18,F,,,ST
PE-09-NAMP,Diana Powell,1992-03-27,F,,,PE
IT-29-BJGK,James Edwards,1960-10-27,M,,,IT
SN-14-PSIN,Elizabeth Johnson,1963-07-07,F,,,SN
IE-01-SHSI,Alyssa Tucker,1991-08-02,F,,,IE
LK-18-NOKN,Nathaniel Hood,1954-05-18,M,,,LK
BT-95-OSIG,Crystal Martin,1956-04-26,F,,,BT
IR-70-KTKD,Amanda Sharp,1989-10-05,F,,,IR
CV-55-PRZN,Thomas Burch,1970-09-13,M,,,CV
JM-55-CBGS,Jerry Pearson,1975-09-22,M,,,JM
MA-82-FWUA,Hayley Malone,1964-10-30,F,,,MA
SR-00-WRRM,Joseph Bell,1981-03-28,M,,,SR
MK-07-LPEW,David Thompson,1984-07-04,M,,,MK
FI-01-HKOI,Emma Cook,2000-12-28,F,,,FI
DM-15-DWFC,Spencer Hughes,1980-04-28,M,,,DM
CG-57-KABD,Dustin Gay,1982-05-15,M,,,CG
TO-65-KRES,Alexander Keith,1971-07-22,M,,,TO
GB-92-CNXD,Marvin Martin,1993-05-12,M,,,GB
AM-85-HWVM,Kenneth Collins,1966-12-01,M,,,AM
BB-55-JSYJ,Justin Brown,2000-09-16,M,,,BB
NL-83-QBWX,Tiffany Sandoval,2002-04-25,F,,,NL
TV-02-MKFG,Jason Smith,1996-07-07,M,,,TV
PY-72-MNAI,Andrea Rasmussen,1964-04-25,F,,,PY
GD-37-KMHX,Marcus Harrell,1956-02-27,M,,,GD
TR-10-RNFX,Melissa Gomez,2002-05-09,F,,,TR
BF-75-OVIC,Kimberly Cruz,1982-03-25,F,,,BF
BJ-51-CWXK,Johnathan Dalton,1953-11-14,M,,,BJ
TG-26-ZEQI,Amanda Chaney,1996-05-20,F,,,TG
HU-78-EDQU,Casey Ross,1963-03-27,M,,,HU
SN-44-SBDU,Patrick Cannon,1966-03-19,M,,,SN
SO-85-EPXR,Timothy Jones,2003-02-21,M,,,SO
KM-33-YHQB,Brenda Hernandez,1973-11-01,F,,,KM
MW-31-SMKP,Karen Curry,1968-01-10,F,,,MW
GM-69-FCXE,Brooke English,1967-10-29,F,,,GM
EG-21-TRCY,Dana Miller,1955-11-01,F,,,EG
TT-84-DENI,Kara Burton,1993-03-05,F,,,TT
MD-23-KWDJ,Chris Pittman,1975-02-26,M,,,MD
SK-75-ZOKT,Nicole Alvarez,1974-01-26,F,,,SK
FR-66-WPMW,Jason Rodriguez,1991-07-04,M,,,FR
GY-57-AKOL,Chad Jacobson,1976-11-23,M,,,GY
AR-57-OAPJ,Samuel Johnson,1957-12-02,M,,,AR
OM-20-CTOR,Kayla Martinez,1984-03-16,F,,,OM
IS-66-YMKZ,Christopher Velez,1983-02-24,M,,,IS
NI-30-JZUN,Deborah Harmon,1993-10-31,F,,,NI
IE-22-AYGD,Janet Anderson,1982-04-25,F,,,IE
GT-93-UEXV,Christine Reyes,1985-07-22,F,,,GT
HT-23-CGEY,Donald Hernandez,1965-07-07,M,,,HT
CL-99-MDQK,Stephen Orozco,1983-12-08,M,,,CL
PA-94-DGDK,James Benson,1976-02-01,M,,,PA
MH-09-ZFGF,Gregory Mckinney,1990-05-11,M,,,MH
BT-04-XKZP,Andrea Adams,1987-06-08,F,,,BT
MA-39-SMRE,Anna Knight,1991-09-09,F,,,MA
EG-78-AHXC,Kristin Flores,1988-05-01,F,,,EG
CL-65-CKDM,Daniel Simmons,1985-01-19,M,,,CL
CA-53-GNFL,Laura Gonzalez,1998-09-21,F,,,CA
KH-82-ICJX,Daniel Wright,1984-09-20,M,,,KH
CD-50-SWAD,Christopher Soto,2000-09-20,M,,,CD
FR-30-LOLT,Jessica Shaw,1963-05-02,F,,,FR
PE-54-VINF,Glenn Moran,2003-08-08,M,,,PE
KR-53-KGEF,Jose Munoz,1979-10-25,M,,,KR
ZM-40-TWCT,Christina Wolf,1957-08-04,F,,,ZM
VU-40-ZJPK,Duane Smith,1982-06-11,M,,,VU
NO-96-MDHO,Nathan King,1982-03-15,M,,,NO
MH-87-PSPZ,Margaret Coffey,1978-09-07,F,,,MH
DK-27-DPHR,Karen Smith,1986-05-19,F,,,DK
CM-36-ZBKV,Jennifer Collier,1998-06-23,F,,,CM
ZA-59-RSZJ,Gary Walker,1964-08-07,M,,,ZA
BJ-67-BVXD,Rebekah Turner,1996-03-16,F,,,BJ
EC-21-DCGY,Jonathan Adams,1954-08-09,M,,,EC
AG-92-FSWW,Leslie Lee,1958-04-30,F,,,AG
NI-42-QMWL,John Ponce,1991-11-18,M,,,NI
MX-33-ORFP,Scott Austin,1959-05-27,M,,,MX
BZ-81-HDBA,Frances Moore,1991-11-26,F,,,BZ
FJ-98-HMMP,Samantha Carr,1965-11-18,F,,,FJ
PS-67-BXWM,Alexandra Johnson,1978-10-27,F,,,PS
BZ-30-QZBJ,Sydney Greene,1964-07-13,F,,,BZ
SI-60-XODV,Melissa Norman,1968-02-02,F,,,SI
VN-20-GDLO,Marissa Reynolds,1983-05-05,F,,,VN
JO-59-CKZE,Amy Moran,1956-09-01,F,,,JO
AT-46-RXHL,Darius Mcgrath,2000-05-16,M,,,AT
ZW-58-VEWS,Jennifer Wood,1967-07-14,F,,,ZW
NL-33-BKRH,Alexander Silva,1998-10-03,M,,,NL
ME-10-QCSM,Jonathan Osborne,1959-03-07,M,,,ME
VU-21-RYVQ,Jennifer Jackson,2000-10-28,F,,,VU
MN-49-ZUNY,Jonathan Whitney,1970-09-26,M,,,MN
NG-80-XESM,John Fletcher,1976-06-09,M,,,NG
SC-11-WJOH,Jennifer Scott,1984-06-25,F,,,SC
JM-01-RXGM,Savannah Brown,1964-10-17,F,,,JM
NE-92-XYME,Stephanie White,1991-03-19,F,,,NE
BT-93-WUJN,Elizabeth Rojas,1955-07-28,F,,,BT
NG-21-ZCPD,Theresa Young,1989-12-05,F,,,NG
NI-37-XQHU,Michael Ramirez,1965-09-02,M,,,NI
MH-64-SWUB,Joseph Hamilton,2004-02-12,M,,,MH
BW-19-XADQ,Heather Vaughn,1977-02-17,F,,,BW
SD-28-AOMS,Steven Gordon,2000-10-17,M,,,SD
TO-54-KDWS,Bradley Lee,1999-09-25,M,,,TO
SZ-71-HBVJ,Michael Murray,1976-06-17,M,,,SZ
MT-21-KUBT,Christopher Davis,1994-05-06,M,,,MT
IT-46-DBUT,Amanda Mays,1967-09-05,F,,,IT
AD-32-VYQF,Danny Whitehead,1978-12-22,M,,,AD
MD-14-IIUK,Matthew Jones,2003-10-26,M,,,MD
JO-61-ISME,George Martinez,1974-01-06,M,,,JO
GQ-50-LDJI,Dwayne Graham,1953-11-23,M,,,GQ
ET-13-MHOE,Mary Kelly,1979-04-13,F,,,ET
MV-48-ETFK,Jeffrey Stone,1970-03-04,M,,,MV
FM-33-IJGA,Maria Johnson,1981-09-18,F,,,FM
NG-47-ACZZ,Heather Ward,2001-03-23,F,,,NG
KZ-28-WDUJ,Todd Jacobs,2002-04-16,M,,,KZ
IL-90-QBRO,Mary Callahan,1994-11-01,F,,,IL
GH-71-NSRF,Lauren Hart,1977-01-09,F,,,GH
MD-77-JBPE,Erin Cooper,1962-09-09,F,,,MD
ST-54-EPNN,Ronald Werner,2003-02-27,M,,,ST
BN-92-MHBJ,Dominic Shields,1990-04-25,M,,,BN
MX-02-LGYX,Michael Baker,1983-12-13,M,,,MX
IL-79-AUZT,Michele Lang,1999-02-19,F,,,IL
UG-34-HQEE,Eric Lopez,1953-05-18,M,,,UG
ML-17-WQFS,Felicia Taylor,1979-12-06,F,,,ML
NI-69-LXWW,Elizabeth Herrera,1960-01-22,F,,,NI
BO-52-KAXB,Eileen Gross,1977-08-21,F,,,BO
BN-03-MIAL,Patrick Dunn,1965-06-10,M,,,BN
DZ-11-TOEE,Chelsea Hammond,1956-08-25,F,,,DZ
KG-42-RXJI,Lynn Cummings,1996-06-25,F,,,KG
AU-62-TAQS,Rhonda Murray,1970-08-03,F,,,AU
PL-55-CWTQ,Susan Mckinney,1968-05-02,F,,,PL
TR-47-CXDW,Michael Johnson,1983-10-16,M,,,TR
BN-84-ZJBF,Jerry Kelley,1993-02-02,M,,,BN
ML-10-KLNI,Jessica King,1960-06-12,F,,,ML
PW-13-HUBS,Sherry Howard,1978-11-20,F,,,PW
NE-84-FQHN,William Hill,1957-11-27,M,,,NE
PW-94-JYTG,William Logan,2003-08-31,M,,,PW
CV-71-GBTB,Tammy Tran,1986-12-03,F,,,CV
TJ-09-NGZJ,Ethan Montes,1996-04-29,M,,,TJ
GR-21-PAOS,Mary Cross,1959-02-24,F,,,GR
TH-53-BZPN,Lisa Miller,1973-03-08,F,,,TH
ML-47-ERUL,Joy Becker,1969-09-24,F,,,ML
KH-54-UEWK,Jessica Moon,2002-03-03,F,,,KH
AF-29-CSEK,Jerry Smith,1967-04-12,M,,,AF
MD-57-EOHV,Anthony Shepherd,1999-02-20,M,,,MD
GR-44-XPRK,Alexander Mullen,1988-09-19,M,,,GR
RO-83-GWJQ,Charles Holloway,2001-12-10,M,,,RO
PS-61-HWRL,Destiny Frazier,1959-05-03,F,,,PS
GE-70-ZYKN,John Walton,1983-07-22,M,,,GE
LA-50-TTOE,Derrick Johnson,1997-10-03,M,,,LA
RO-57-CCVB,Melissa Mcintyre,1959-05-11,F,,,RO
VC-01-OLHQ,Alicia Lam,1968-06-10,F,,,VC
FR-24-HPFJ,Madeline Brown,1968-05-18,F,,,FR
MG-86-HXYY,Michael Hurst,1953-10-30,M,,,MG
KM-75-YHBZ,Sarah Burke,1988-07-01,F,,,KM
OM-61-XQYA,Stephanie Campbell,1987-08-23,F,,,OM
CO-26-CNPJ,Jason Evans,1993-10-09,M,,,CO
CI-43-TLHU,Crystal Pearson,1956-10-26,F,,,CI
DE-67-RAPX,Katelyn Stewart,1971-01-24,F,,,DE
MX-02-AYWA,Sarah Russell,1988-03-02,F,,,MX
CR-89-RLQD,Cheryl Smith,1992-05-16,F,,,CR
CI-06-XUQB,Charles Woods,1991-11-29,M,,,CI
CF-91-HZBX,Jaime Thompson,1965-08-26,F,,,CF
KW-22-XQDV,Douglas Robinson,1962-09-07,M,,,KW
CA-49-EOQO,Tiffany Fernandez,2002-07-26,F,,,CA
BR-02-YPNX,Valerie Hartman,1970-04-23,F,,,BR
BF-08-WHWJ,Christian Farrell,2004-07-06,M,,,BF
BJ-30-IFUF,Joel Garrett,2002-01-26,M,,,BJ
ZA-85-CDGG,Monique Lee,1998-11-13,F,,,ZA
CA-77-QQWL,Natalie Mcbride,1990-10-27,F,,,CA
GM-02-IQXP,Samantha Ramos,2001-04-26,F,,,GM
LV-43-YFHD,Travis Cooper,1961-02-23,M,,,LV
NE-66-ZGPR,Ryan Richard,1995-10-30,M,,,NE
LS-51-HHSQ,Tanner Morris,1961-08-10,M,,,LS
SG-28-YGMP,Rebecca Hill,1959-12-27,F,,,SG
KN-16-ZMKP,Alexander Merritt,1980-11-08,M,,,KN
PA-13-UXJO,Julie Shah,1980-12-17,F,,,PA
CD-85-DVEZ,Vanessa Rogers,1998-12-06,F,,,CD
SV-79-QVJS,Darryl Zhang,1958-07-04,M,,,SV
DZ-55-IKXR,Alison Flores,1974-10-03,F,,,DZ
NO-59-GRSA,Joseph Adams,1967-12-19,M,,,NO
ST-00-NIBX,Ryan Gilbert,1960-08-29,M,,,ST
AO-36-UXGU,Maurice Hernandez,1962-11-10,M,,,AO
AF-25-TBIB,Cheryl Hansen,1999-01-06,F,,,AF
KM-64-KJOL,Brandon Tapia,1954-06-16,M,,,KM
SV-18-YWJC,Catherine Meza,1978-07-25,F,,,SV
UZ-76-PUIL,John Nguyen,1985-04-13,M,,,UZ
MX-98-VVZI,Kathy Lin,1991-08-16,F,,,MX
NO-84-DPEU,Laura Henderson,1977-12-01,F,,,NO
FM-22-VDMW,Heather Warren,1995-09-29,F,,,FM
CD-88-MSMI,Michelle Brown,1966-09-23,F,,,CD
LB-37-BHAT,Cheryl Costa,1968-04-18,F,,,LB
GH-22-DFUB,Sydney Henderson,1980-06-21,F,,,GH
MH-63-XQDM,Sierra Franco,1988-10-04,F,,,MH
LA-46-SKKB,Joshua Castillo,1973-03-19,M,,,LA
LA-70-IXQG,Connor Richardson,1991-04-15,M,,,LA
KG-84-KWQG,Tracey Smith,2003-11-17,F,,,KG
GB-27-FNER,Stacey Smith,1990-07-16,F,,,GB
AE-88-RAOH,Kristen Leonard,1958-12-16,F,,,AE
ST-52-WNHQ,Sandra Moore,2003-02-04,F,,,ST
MR-69-DZPX,Christina Moore,1953-04-22,F,,,MR
CI-56-SPTR,Evan Mcdonald,1985-05-29,M,,,CI
UA-73-RPEX,Lauren Ramos,2002-08-04,F,,,UA
SL-46-URAS,Bobby Kim,2003-03-17,M,,,SL
TH-10-TNPI,Keith Burns,1957-05-04,M,,,TH
JP-16-XBQG,Micheal Davis,1987-11-30,M,,,JP
TG-08-RKXC,Maria Meza,1965-08-18,F,,,TG
SN-41-TRJN,Kimberly Contreras,1957-03-27,F,,,SN
PW-68-ORKK,Lisa Davidson,1957-09-15,F,,,PW
ZW-72-BOGZ,Jennifer Lowe,1975-07-14,F,,,ZW
IQ-13-ABAP,Henry Vasquez,1982-07-15,M,,,IQ
MT-37-YKWD,Todd Alvarez,1989-10-18,M,,,MT
PH-26-VUWV,Terry Hill,1979-12-13,M,,,PH
BA-28-SKTC,Charles Curtis,1979-05-20,M,,,BA
BO-83-NVHZ,Terrance Freeman,1969-11-11,M,,,BO
BS-11-KJSC,Melissa Jones,1988-10-01,F,,,BS
SN-32-PTTZ,Kristen Giles,1954-08-06,F,,,SN
AE-69-SPYU,Gabriela Gates,1956-10-26,F,,,AE
SO-47-XLJH,David Jones,2004-03-25,M,,,SO
MK-47-WMMM,Mark Coleman,1954-04-04,M,,,MK
SY-97-WVJO,Brett Ward,1995-06-09,M,,,SY
NR-26-SYIX,Taylor Wade,1995-11-26,M,,,NR
CZ-46-CSBL,Christine Torres,1963-04-09,F,,,CZ
OM-67-GABZ,Matthew Thompson,1955-01-14,M,,,OM
LS-07-TVMI,Dwayne Wallace,1974-08-26,M,,,LS
MN-24-JSTP,Sharon Golden,1975-03-10,F,,,MN
SC-82-ZUCZ,Anthony Barnett,1990-06-25,M,,,SC
GW-91-ATWV,Melissa Hodge,1959-08-11,F,,,GW
BD-78-ZMWY,Martha Hill,1962-09-03,F,,,BD
BZ-13-KGCZ,Doris Dunn,1964-08-14,F,,,BZ
HR-63-EQQZ,Kyle Holden,1971-03-09,M,,,HR
UZ-72-OGFD,Erin Sutton,1960-03-14,F,,,UZ
HR-96-RSKW,Jean Martin,1963-11-27,F,,,HR
CF-13-JZCT,Taylor Beasley,1964-05-29,F,,,CF
GQ-95-RFNK,Jacqueline Odonnell,1985-04-06,F,,,GQ
MZ-50-JQXQ,Robert Gonzales,1974-12-05,M,,,MZ
BZ-97-QBBP,Carlos Drake,1956-01-27,M,,,BZ
TV-21-YIZK,Michael Mueller,1977-01-20,M,,,TV
PY-62-HONN,Rachel Robles,1994-10-27,F,,,PY
SR-39-WUSA,Mark Wall,1982-08-30,M,,,SR
BA-77-KJDP,Lisa Allen,1996-08-19,F,,,BA
LI-53-KATN,Ashley Morrison,1975-12-05,F,,,LI
FR-35-ZLBW,David Collier,1954-11-23,M,,,FR
ZA-36-QCPK,David Lee,2003-04-17,M,,,ZA
VN-41-XFQG,Kimberly Lara,1995-07-26,F,,,VN
BH-58-RTHP,Robert Ramirez,1986-05-18,M,,,BH
FJ-10-XHGD,Adriana Moore,1967-11-06,F,,,FJ
EG-79-KPJE,Samantha Kelly,1962-10-10,F,,,EG
NA-40-NCFW,Yesenia Jackson,1976-07-02,F,,,NA
EG-45-KQTW,Aaron Garcia,1992-12-27,M,,,EG
LC-34-NNOB,Stephanie Reeves,1982-11-14,F,,,LC
ZW-41-FZKV,Paul Hernandez,1995-11-07,M,,,ZW
PL-36-HMRX,David Crawford,1986-08-13,M,,,PL
GQ-36-UYAY,Brittany Gross,1976-12-05,F,,,GQ
KH-65-UNFP,Kara Roth,1996-10-07,F,,,KH
MN-26-VQXA,Victoria Rodriguez,1997-09-20,F,,,MN
ES-87-SYQF,Tracy Edwards,1958-06-15,F,,,ES
BB-49-PWRQ,Heather Rodriguez,1994-05-04,F,,,BB
TV-04-AZQC,Mikayla Gardner,1954-01-19,F,,,TV
OM-19-HEXA,Brandy Murphy,2003-09-17,F,,,OM
MY-67-YTSZ,Alex Dean,1993-04-27,M,,,MY
AR-33-UZID,William Powers,2004-01-01,M,,,AR
SZ-49-HJCV,Erika Hansen,1991-02-26,F,,,SZ
TL-26-DSPQ,Travis Nguyen,1955-03-03,M,,,TL
JP-67-GWEN,Fred Moon,1960-12-14,M,,,JP
LC-27-YQQR,Craig Irwin,1970-08-16,M,,,LC
KM-89-OFFN,Matthew Bennett,1955-05-27,M,,,KM
TH-12-VIPL,Jamie Miller,1984-08-17,F,,,TH
GE-85-RBIX,Carrie Allen,1996-05-29,F,,,GE
TL-26-UMMW,Debbie Kent,1994-08-02,F,,,TL
BS-61-NSGV,Christine Rojas,1967-03-04,F,,,BS
FI-05-MPBO,Kyle Perez,1968-06-07,M,,,FI
NP-99-YKVS,Samantha Pearson,1959-07-10,F,,,NP
LV-27-XFMM,Melissa Ayala,2003-03-15,F,,,LV
ST-13-CPGU,Brandon Contreras,1960-06-08,M,,,ST
VN-59-TFYM,Kristen Hardy,1981-06-06,F,,,VN
US-48-PSLX,Megan Mclaughlin,1971-11-01,F,,,US
DO-58-BGZT,Eric Davis,1999-11-19,M,,,DO
SV-30-OVWO,Brianna Murray,1987-08-07,F,,,SV
TH-40-FHOZ,Summer Reed,1991-05-31,F,,,TH
VN-79-EHNJ,Jennifer Allison,2001-02-03,F,,,VN
GN-23-ZLIU,James Kelley,1986-04-18,M,,,GN
UG-87-CGQU,Michael Jennings,1961-09-26,M,,,UG
UZ-70-WUZG,Amanda Miller,1955-02-06,F,,,UZ
JM-20-TIJG,Diana Wright,1998-10-08,F,,,JM
SY-42-IETZ,Larry Marsh,1983-10-31,M,,,SY
PS-19-TIXZ,Michael Ayers,1954-03-12,M,,,PS
NI-73-ZTKT,Joy Hammond,1971-09-22,F,,,NI
VU-48-PERH,Maria Blair,1990-10-18,F,,,VU
LC-48-NEGN,Dustin Kline,1995-02-21,M,,,LC
KM-95-MHMO,William Hall,1985-06-09,M,,,KM
SD-75-PFIX,Steven Cunningham,1965-11-15,M,,,SD
NA-90-FYVG,Carlos Brown,1997-03-30,M,,,NA
TR-86-OVOW,John Jones,2004-01-20,M,,,TR
PK-10-CQII,Sandra Ayala,1974-05-26,F,,,PK
ZW-11-MHTB,Breanna Fuller,1999-12-15,F,,,ZW
HU-14-ZNIE,Jody Parker,1969-05-08,F,,,HU
FI-91-PIQI,Mary Patel,1964-09-12,F,,,FI
UY-66-LNVB,Shawn Donovan,1985-04-03,M,,,UY
JO-41-TQAU,Phillip Aguilar,1977-05-24,M,,,JO
BE-23-ZKBO,Sharon Bowman,1969-04-26,F,,,BE
AF-57-MVVE,Ashley Jones,1990-11-19,F,,,AF
TG-03-HALH,Sara Rush,1973-09-26,F,,,TG
RU-23-FNOE,Robin Guerrero,1980-02-22,F,,,RU
CN-10-LOPQ,Russell Moss,2003-10-13,M,,,CN
KI-98-LSMP,Brian Graham,1989-07-19,M,,,KI
BN-22-TLUF,Mary Lloyd,1973-06-15,F,,,BN
VN-94-CSIH,Elizabeth Herrera,1994-10-05,F,,,VN
TV-71-ICPP,Wendy Anderson,1992-05-08,F,,,TV
AZ-52-BQJG,Jonathan King,1979-08-05,M,,,AZ
PY-49-DJGY,Thomas Garrett,1961-10-07,M,,,PY
HU-69-FZHX,Christopher Clay,1994-08-16,M,,,HU
BN-49-RDKL,Lee Vazquez,1974-02-08,M,,,BN
MD-20-JEJE,Lisa Davis,1959-10-13,F,,,MD
BG-71-DKAT,Charles Johnson,1964-04-05,M,,,BG
MU-89-ZINM,Sara Jackson,1958-10-24,F,,,MU
MK-58-WMDM,Abigail Campbell,2001-08-14,F,,,MK
ES-29-WXXH,Brian Hull,2002-09-05,M,,,ES
RU-42-UQJD,Jonathan Bishop,1976-09-17,M,,,RU
MN-47-JXQO,Heidi Sosa,1978-04-20,F,,,MN
SK-17-XXDO,Jacob Santos,1960-06-14,M,,,SK
PL-02-DRSZ,Nicole Price,1987-09-11,F,,,PL
TD-34-VZRG,David Webster,1952-10-12,M,,,TD
TR-19-EQHI,Erica Ayers,1977-05-19,F,,,TR
EC-08-YHJL,Brandon Parsons,2001-02-07,M,,,EC
RS-45-XYQC,Angela Hanson,1956-09-16,F,,,RS
NE-06-YKHD,Cassie Rhodes,1970-11-23,F,,,NE
MW-38-DAHX,Cindy Davies,1998-03-25,F,,,MW
MN-95-OVPM,Gloria Jenkins,1958-06-15,F,,,MN
BA-23-NVEP,Chelsea Mcmahon,1988-12-10,F,,,BA
NG-99-YUCS,Angela Mack,1983-11-06,F,,,NG
RO-69-VXQU,Jennifer Cole,1966-08-27,F,,,RO
AM-68-GWDH,Lauren Mann,1985-06-14,F,,,AM
IQ-15-TKWO,Robert Thornton,1975-10-17,M,,,IQ
CA-19-GXID,Matthew Smith,1995-11-28,M,,,CA
UG-71-SBZH,Doris Turner,1962-01-06,F,,,UG
MZ-04-TSAA,Robert Harrington,1970-04-28,M,,,MZ
BH-54-XXKH,John Galloway,1998-04-29,M,,,BH
AR-20-CFUA,Eric Brown,1956-05-17,M,,,AR
DE-20-PMNI,Brandon Davis,1965-11-28,M,,,DE
FI-17-YXQO,John Carson,1991-11-05,M,,,FI
ML-45-BLII,Tammy Mendez,2001-10-25,F,,,ML
UZ-20-LHLF,Harry Leach,1958-05-26,M,,,UZ
EG-54-TJAJ,Brenda Strickland,1956-11-10,F,,,EG
ZA-53-ATJW,Courtney Alvarez,1971-12-16,F,,,ZA
MK-67-OQOH,Madison Beard,1990-12-20,F,,,MK
NA-46-GVZK,Kaitlin Stein,1992-09-13,F,,,NA
VC-50-FOBA,Matthew Ryan,1973-03-25,M,,,VC
VU-55-UOPU,Yolanda Ray,1962-03-10,F,,,VU
MV-91-OAAA,Michael Holland,1958-11-19,M,,,MV
CU-76-MLNB,Shelby Trujillo,1967-07-15,F,,,CU
GY-94-LKXY,Nicholas Buckley,1996-09-08,M,,,GY
RW-20-TSOS,Julie Barnett,1978-01-02,F,,,RW
BD-98-WWDG,Lindsey Rivers,1960-11-28,F,,,BD
IL-99-SHGV,Patricia Sandoval,2000-05-21,F,,,IL
CN-69-QVTU,Joseph Lee,1988-05-17,M,,,CN
CF-07-SYLY,Debra Green,1992-11-17,F,,,CF
AF-69-HFMC,Nicole Carpenter,1979-08-09,F,,,AF
MM-94-GAKK,Kelly Gordon,1954-04-19,F,,,MM
NA-11-RAHJ,Kyle Villa,1979-03-02,M,,,NA
SY-65-XKKN,Stephanie Young,1990-04-03,F,,,SY
JP-99-GFWY,Kathy Lawson,1981-04-07,F,,,JP
CV-59-XNJX,Thomas Wolfe,1998-06-28,M,,,CV
LA-62-IRRP,Debra Orr,1994-03-08,F,,,LA
BA-37-NXXQ,John Garcia,1979-09-23,M,,,BA
BI-20-AKIQ,Christina Anderson,1969-04-06,F,,,BI
ER-31-ZHXE,Richard Lloyd,1977-09-22,M,,,ER
MG-97-WUYL,Courtney Bridges,1954-06-24,F,,,MG
EC-32-YUQD,Gina Harris,2001-08-31,F,,,EC
MZ-41-CQPI,Scott Gonzalez,1976-12-01,M,,,MZ
CO-59-NGZJ,Jenna Good,1995-06-11,F,,,CO
IQ-96-VYHN,Jacqueline Rodriguez,1980-06-17,F,,,IQ
CN-43-SMWC,Pamela Osborn,2002-01-24,F,,,CN
AE-56-FABV,Catherine Diaz,1978-07-27,F,,,AE
JO-06-BCRQ,Douglas Sanchez,1959-09-25,M,,,JO
BJ-85-YNJC,James Bates,1973-08-07,M,,,BJ
KR-79-YHPP,Kim Aguilar,1973-07-29,F,,,KR
CR-35-DBMG,Jacqueline Parker,1961-09-30,F,,,CR
FI-72-ZJHM,Tanya Brown,1956-10-02,F,,,FI
CI-75-SNLQ,Robert Griffith,1973-08-18,M,,,CI
BS-62-DMYZ,Eric Davis,1996-10-26,M,,,BS
CV-16-DHPG,Tony Foley,1984-10-05,M,,,CV
AZ-42-WKSH,Michael Gray,1977-03-15,M,,,AZ
GD-72-NKOP,George Torres,1974-06-27,M,,,GD
IT-86-OEMI,Lisa Bishop,1970-07-03,F,,,IT
ET-94-DVWV,Joel Payne,1977-09-09,M,,,ET
NG-94-JFGY,Timothy Salinas,1969-04-13,M,,,NG
MA-55-NRQU,Natalie Dunlap,2000-02-24,F,,,MA
NR-61-TDOI,John Harris,1986-10-22,M,,,NR
CM-61-CDYH,Joseph Frederick,1961-06-12,M,,,CM
IT-66-NPSB,William Allen,2000-04-17,M,,,IT
TD-12-JQIJ,Veronica Vargas,2001-10-05,F,,,TD
NG-73-HKXR,Michael Aguilar,1970-12-12,M,,,NG
AD-26-IQZB,Daniel Rowe,1965-06-27,M,,,AD
TJ-26-CIEI,Robert Watson,1958-06-28,M,,,TJ
NG-13-XLFF,Brandy Tran,1977-08-26,F,,,NG
AM-83-QPQU,Christine Lucas,1960-02-16,F,,,AM
NG-05-OJBU,Jennifer Vega,1975-09-11,F,,,NG
AF-26-LFGQ,Elizabeth Burnett,1967-01-14,F,,,AF
PL-22-VRZU,Katherine Leonard,1984-02-08,F,,,PL
DK-65-IGUV,Shelby Roberts,1980-07-25,F,,,DK
SI-26-VBKW,Charles Smith,2004-06-14,M,,,SI
UA-38-YYAL,Angela Henderson,2001-06-10,F,,,UA
FR-09-TRFV,Nicholas Schultz,2003-08-10,M,,,FR
TM-19-LVND,Michaela French,1993-03-13,F,,,TM
CD-95-AHQQ,Mark Jones,2000-05-01,M,,,CD
GW-06-VDRK,Kirk Jones,1957-07-06,M,,,GW
NZ-49-UEJJ,Sara Carpenter,1976-11-28,F,,,NZ
VE-78-NPHO,Darrell Goodwin,1958-05-10,M,,,VE
KM-11-VFUH,Brian Martinez,1972-12-18,M,,,KM
OM-73-HKQK,Cory Mason,1992-10-09,M,,,OM
TM-35-RHEF,Shawn Marsh,1956-10-21,M,,,TM
BD-79-ITPY,Larry Adams,1993-01-28,M,,,BD
KZ-12-EIPM,Thomas Patrick,1971-10-08,M,,,KZ
GB-74-QJVQ,Natalie Myers,1990-08-13,F,,,GB
IE-96-YUVV,Clayton Smith,1964-10-18,M,,,IE
TW-96-IQTA,Samantha Hammond,1998-08-18,F,,,TW
KR-90-ZBZX,Laura Kim,1966-04-12,F,,,KR
SO-80-SAGZ,Dakota Pollard,1994-04-13,M,,,SO
CN-74-FKBY,Todd George,1958-05-21,M,,,CN
TM-36-OUZD,Jennifer Hall,1995-05-03,F,,,TM
PA-38-JZMG,Emily Martinez,1958-12-05,F,,,PA
NL-82-UTBZ,Mike Cain,1954-06-19,M,,,NL
SC-53-QRHA,Morgan Reed,1982-06-14,F,,,SC
SG-54-HEWM,Michael Jackson,1980-05-02,M,,,SG
MT-88-NPHV,Michael Stark,1983-12-28,M,,,MT
SC-88-LJIZ,Nicole Logan,1953-06-19,F,,,SC
HR-08-GBYE,Sara Ayala,1977-03-11,F,,,HR
NZ-62-MZRT,Robin Wright,1954-08-20,F,,,NZ
ER-42-HVBU,Maurice Garcia,1965-01-01,M,,,ER
AL-37-YEWP,Ashley Thomas,1981-12-26,F,,,AL
RW-03-HFJA,Andrew Wright,1967-06-18,M,,,RW
BD-74-ZJIV,Rebecca Edwards,2000-06-24,F,,,BD
SM-81-KGBZ,Melissa Russo,1977-03-27,F,,,SM
BO-83-COES,April Drake,1957-06-09,F,,,BO
SK-53-RLOE,Thomas Medina,1963-06-21,M,,,SK
BF-98-VRWN,Peter Terry,1985-10-04,M,,,BF
AD-77-LNRQ,Kayla Leon,1991-01-23,F,,,AD
CA-00-PNOP,Brittany Patton,1999-09-27,F,,,CA
TG-01-LHXU,Mary Gray,1979-07-10,F,,,TG
ET-55-UMZP,Ronald Jones,1987-09-18,M,,,ET
PK-33-KDBP,Natasha Boyd,2004-03-02,F,,,PK
KG-23-SHLP,Kimberly Williams,2002-08-11,F,,,KG
LS-95-AAKR,Scott Gray,1999-07-25,M,,,LS
AT-61-HQVT,Sandra Mills,1976-03-05,F,,,AT
JM-72-ZFGM,Kenneth Ramos,1966-11-22,M,,,JM
AL-41-YMTX,Karen Landry,1987-08-07,F,,,AL
TH-82-ELPW,Jeffrey Harrington,1982-04-13,M,,,TH
TD-46-FDDQ,Carl Maddox,1955-03-18,M,,,TD
CM-55-EOXA,Heather Arias,1977-10-02,F,,,CM
MM-26-PTXW,Glenn Richards,1988-08-11,M,,,MM
NL-43-WQYM,Wayne Thompson,1955-09-09,M,,,NL
MA-32-TZIY,Alexandria Bolton,1962-12-06,F,,,MA
CU-05-FNZZ,Jaime Gonzalez,1974-09-04,M,,,CU
HU-29-LUVY,Kevin Frye,1972-06-01,M,,,HU
LS-11-LMRN,Stacey Daniels,1967-01-02,F,,,LS
TT-59-QZKV,Jacqueline Bates,1952-12-07,F,,,TT
CM-76-KPPK,Amy Strong,1985-12-18,F,,,CM
SN-95-RKWP,Jose Gonzalez,1998-09-21,M,,,SN
VU-94-ZNFC,Laura Hamilton,1963-01-21,F,,,VU
BS-87-BDRY,Keith Atkins,1989-04-21,M,,,BS
KE-19-WQTX,Larry Duncan,1995-07-24,M,,,KE
LI-67-LFVC,Autumn Bruce,1984-12-18,F,,,LI
TM-99-SUSE,Kimberly Jones,1954-04-18,F,,,TM
KH-67-QQAV,Juan Wheeler,2002-09-01,M,,,KH
PG-78-IXJG,Barbara Neal,1993-06-18,F,,,PG
ER-91-JMML,Carla Scott,1968-07-14,F,,,ER
LV-92-UVQU,Kenneth Martin,1991-07-22,M,,,LV
IE-91-IAIT,James Sims,1966-10-23,M,,,IE
IE-03-DQSE,Taylor Fox,1974-02-02,M,,,IE
FR-02-ATGN,Jeffrey Frazier,1954-01-26,M,,,FR
EE-04-PAHB,Jasmine Freeman,1999-03-14,F,,,EE
VU-07-ONBD,Eric Holland,1970-02-05,M,,,VU
KW-02-RCOX,Daniel Walton,1998-08-21,M,,,KW
SC-79-IMIA,Michelle Salas,1989-10-13,F,,,SC
EE-96-XRNI,John Woods,1998-11-13,M,,,EE
US-35-DAAF,Anita Bailey,1994-05-23,F,,,US
CM-09-CBAZ,Marie Logan,1989-02-19,F,,,CM
SZ-18-IVKX,Sara Page,1979-10-10,F,,,SZ
OM-22-CIOD,Bridget Anderson,1957-03-13,F,,,OM
MH-16-VWNX,Maria Smith,1986-12-02,F,,,MH
PG-50-HCDS,Patricia Mcdonald,1988-09-09,F,,,PG
NR-28-FQRC,Jaclyn Wells,1965-03-19,F,,,NR
AZ-07-YJNZ,Deborah Moore,1954-01-26,F,,,AZ
KM-08-LWJO,Kimberly Ward,1979-09-14,F,,,KM
MT-06-DKOW,Sabrina Henry,1977-08-22,F,,,MT
CN-76-UOZB,Hector Gonzalez,1959-01-01,M,,,CN
PG-91-QNRS,Kristin Ray,1975-11-25,F,,,PG
VC-82-WBWP,Gregory Guerrero,1972-04-26,M,,,VC
GN-62-TTJL,Joseph Carson,1995-12-06,M,,,GN
TV-81-STEQ,Sarah Baird,1980-02-28,F,,,TV
ET-58-TDND,Kerry Summers,1957-11-09,F,,,ET
KE-19-OTCC,Pamela Wilkinson,2000-03-09,F,,,KE
BI-10-NMCP,Danielle Moore,1967-12-28,F,,,BI
BI-84-NKZZ,Jaclyn Moran,1974-12-06,F,,,BI
GN-18-AWSX,Dominic Waters,1965-06-14,M,,,GN
TJ-37-LQRS,Felicia Miller,1965-06-28,F,,,TJ
BO-80-HVBC,Christine Church,1998-03-03,F,,,BO
FJ-36-CNXV,Tami Lawson,1990-08-22,F,,,FJ
UZ-13-DHOJ,David Shaw,1955-09-16,M,,,UZ
CG-70-QSYV,Antonio Bailey,1963-08-17,M,,,CG
TR-83-IUSL,Andres Gill,2001-06-08,M,,,TR
AU-83-PSJE,Dustin Rios,1967-11-07,M,,,AU
BN-55-CNIW,Ricardo Miller,1983-11-18,M,,,BN
RS-80-ZHEV,Jasmine Johnson,1955-05-20,F,,,RS
UG-59-KKOA,Leslie Beltran,1986-08-28,F,,,UG
AT-94-IGON,Jamie Dominguez,1971-08-24,F,,,AT
TN-38-REWJ,Dylan Pace,1997-10-29,M,,,TN
LV-12-FOML,Jessica Webb,1963-10-17,F,,,LV
CU-95-ZQGX,John Burton,1955-04-05,M,,,CU
BH-50-QSRY,Jessica Roberts,1980-02-06,F,,,BH
HR-41-FLFC,John Osborne,1988-11-15,M,,,HR
LS-76-CIXD,Andrew Smith,1958-06-09,M,,,LS
NR-84-BXAU,Dawn Hall,1989-02-18,F,,,NR
JM-26-YNFJ,Laura Davis,2001-01-10,F,,,JM
NE-18-MEEZ,Abigail Kim,1971-05-20,F,,,NE
TJ-01-OYTT,Allison Tucker,1992-01-07,F,,,TJ
NL-92-KOVO,Jessica Larson,1987-11-08,F,,,NL
MZ-02-YOLS,John Carroll,1964-07-03,M,,,MZ
NR-28-IVGG,Jennifer Gregory,1960-01-05,F,,,NR
VU-01-ZBMI,Fred Lane,1998-05-06,M,,,VU
BO-74-ZQEU,Amy Armstrong,1991-03-11,F,,,BO
GT-22-COXH,Kenneth Hall,1967-11-03,M,,,GT
SM-63-DIIA,Jennifer Hammond,1988-12-04,F,,,SM
MU-92-VDOA,Laura Clark,1999-12-18,F,,,MU
MT-69-ITDO,Brandon Mclaughlin,1965-08-09,M,,,MT
MV-48-DARW,Mary Murray,1990-01-23,F,,,MV
CZ-22-CYFD,Scott Wilson,1997-07-11,M,,,CZ
TG-34-TTYY,Victor Best,1977-01-02,M,,,TG
TJ-43-NYJH,Gregory Garcia,1971-06-21,M,,,TJ
FI-37-VLTY,Kristina Charles,1959-05-25,F,,,FI
SC-15-VCHI,Erica Avila,1983-02-21,F,,,SC
RW-69-EHUD,Sarah Silva,1980-05-20,F,,,RW
LA-50-ZYWU,James Barnett,1984-12-18,M,,,LA
IL-93-ROJC,Nicholas Williams,2004-03-06,M,,,IL
KW-48-QKZR,Aaron Hammond,1993-01-03,M,,,KW
IL-08-TRQH,Robert Murray,1984-03-24,M,,,IL
ML-58-LWZA,Megan Hudson,1979-10-24,F,,,ML
VC-62-MFNA,Nicole Hoover,1956-06-19,F,,,VC
BI-77-UROQ,Kathleen Maldonado,1986-08-03,F,,,BI
IE-94-BGTR,Jennifer Hunter,1972-04-14,F,,,IE
NG-01-RUQF,Timothy Perry,1959-12-13,M,,,NG
NA-44-SQUC,Jonathan Phillips,1990-02-28,M,,,NA
SR-35-JROD,Charles Rodriguez,1963-07-14,M,,,SR
CZ-62-HVEF,Kim Jenkins,1999-04-28,F,,,CZ
AM-32-RRVI,Ronnie Martin,1962-11-09,M,,,AM
ZA-18-NPDV,Jeffrey Freeman,1954-02-02,M,,,ZA
PK-19-QRGY,Angela Santiago,1960-04-15,F,,,PK
UZ-02-WYSS,Alexandria Duarte,1953-11-21,F,,,UZ
TG-89-JMGR,Paul Martin,1978-12-30,M,,,TG
TM-00-JJGN,Timothy Sherman,1953-04-02,M,,,TM
DM-80-MVRG,Angel Romero,1980-09-14,M,,,DM
SI-02-EIYU,Brian Conner,2000-03-03,M,,,SI
JO-99-VLVK,Robert Yates,2000-01-16,M,,,JO
MR-09-ZMKW,Shawna Oliver,1989-06-16,F,,,MR
DZ-43-MXBX,Nicole Ramirez,1994-10-01,F,,,DZ
JM-41-XOJL,Christopher Benjamin,1984-06-04,M,,,JM
NG-56-QCAJ,Jeffrey Lawrence,1968-04-08,M,,,NG
LS-78-EMSJ,Gregory Kim,1997-06-01,M,,,LS
LS-71-ZVSS,Lori Allen,1958-05-27,F,,,LS
SL-93-QYCC,Christian Stephens,1968-07-01,M,,,SL
NE-54-DDRD,Robert Moran,1973-02-25,M,,,NE
BR-80-TQIB,Elizabeth Nelson,1969-03-18,F,,,BR
PL-47-HGTS,Kaitlyn Crawford,1982-12-20,F,,,PL
WS-92-OJKT,Adrian Willis,1991-11-23,M,,,WS
MD-24-QYXD,Jason Trujillo,1961-06-06,M,,,MD
NI-77-VFIK,Melissa Sparks,1990-01-22,F,,,NI
MG-47-ZMRL,Kelsey Burgess,1997-08-31,F,,,MG
EG-14-ZEHJ,Thomas Lopez,1970-11-16,M,,,EG
OM-19-JGWV,Emily Rivera,2002-07-09,F,,,OM
MC-64-TGKW,Herbert Ramirez,1968-12-22,M,,,MC
PE-44-RDSZ,Kathleen Meyer,1974-10-12,F,,,PE
TN-54-LABL,William Newman,1982-01-27,M,,,TN
PK-26-VMTR,Rachel Martin,1956-01-17,F,,,PK
NL-50-OWHA,Nicholas Jones,1964-02-25,M,,,NL
MA-21-WDDI,Arthur Ramirez,1991-03-03,M,,,MA
SE-42-AFKX,John Obrien,1966-06-04,M,,,SE
NI-93-EMQU,Roger Phillips,1991-06-16,M,,,NI
CA-62-GCUW,Michelle Ramirez,1976-10-05,F,,,CA
MV-44-RBBI,William Ayala,1988-07-10,M,,,MV
BO-81-BLTA,Michael Farrell,1995-08-30,M,,,BO
TL-52-DVEK,William Huffman,1971-09-08,M,,,TL
ME-70-QPMD,Jessica Santana,2004-03-24,F,,,ME
QA-33-TJUH,Alexis Hardin,1996-07-15,F,,,QA
KW-55-HOOC,Eric Stanley,1973-07-18,M,,,KW
MW-11-QPBC,Austin Moody,1995-04-23,M,,,MW
PS-29-LGSG,Adam Bradley,1981-09-26,M,,,PS
JO-52-AAQT,Sydney Ramos,1958-06-05,F,,,JO
CG-66-NXHY,Keith Nielsen,1971-12-10,M,,,CG
JM-72-PNWM,Shannon Montes,1979-01-13,F,,,JM
OM-54-MYKI,Natalie Martinez,1957-11-07,F,,,OM
AO-42-QEZX,Brianna Lee,1953-12-18,F,,,AO
CZ-22-DYXP,John Combs,1960-03-07,M,,,CZ
DO-06-SZXB,Thomas Mayo,2004-09-11,M,,,DO
ST-63-DKKG,Tonya Berry,1975-08-03,F,,,ST
GN-85-LPDN,Brandon Bell,1990-08-11,M,,,GN
TN-21-HHWB,Susan Powell,1985-05-14,F,,,TN
SR-50-BQER,Jacob Weaver,1971-05-26,M,,,SR
CR-66-CATP,Alejandra Miller,2000-08-30,F,,,CR
BI-20-KXEQ,Andrew Villa,1955-08-19,M,,,BI
BW-58-UIKE,Eric Wilkins,1994-04-05,M,,,BW
LK-75-YSNS,Jacob Powers,2004-02-15,M,,,LK
NO-45-THSK,Amanda Petty,1969-09-23,F,,,NO
GY-02-EHWB,Colin Hughes,1982-05-22,M,,,GY
TO-10-WCBZ,Sandra Kidd,1970-07-27,F,,,TO
UA-54-XZBT,Brenda Brown,1970-01-26,F,,,UA
HR-56-RZKZ,Destiny Blevins,1981-01-08,F,,,HR
CG-19-MVQJ,Laurie Rivera,1984-06-05,F,,,CG
CZ-97-YSVT,Erica Peterson,1969-08-02,F,,,CZ
ZM-66-ZVXP,Heather Moore,1970-09-11,F,,,ZM
GT-15-OKCZ,Laura Thomas,1983-01-08,F,,,GT
PW-04-ZMXI,Billy Jones,1987-07-06,M,,,PW
LK-13-ELRD,Julia Hoffman,1979-01-04,F,,,LK
KN-02-PCLJ,John Gonzalez,1970-12-03,M,,,KN
MC-82-JFCT,Michael Hanson,2004-05-15,M,,,MC
CI-56-XHOS,Katelyn George,1986-04-15,F,,,CI
LA-70-MDTX,Michael Bowen,1976-04-23,M,,,LA
NE-73-RRXM,Rebecca Parrish,1966-09-01,F,,,NE
MU-70-KHZU,Beth Rose,1989-03-04,F,,,MU
NG-36-DHRA,Mary Davis,1971-05-28,F,,,NG
MZ-79-MBBF,Christy Berger,1983-09-09,F,,,MZ
ZW-93-VSVB,Courtney Williams,1979-01-10,F,,,ZW
EG-71-LFNL,Clinton Mendoza,1980-09-12,M,,,EG
NP-43-FHRL,Robert Morgan,1980-09-15,M,,,NP
RO-06-DCTY,Jennifer Hernandez,1967-06-14,F,,,RO
AF-06-ZFOT,Marissa Hickman,2000-01-28,F,,,AF
ME-45-CTCP,Matthew Medina,2004-04-03,M,,,ME
TJ-54-FTSW,David Johnston,1958-01-25,M,,,TJ
JM-42-KLDF,Todd Fuller,1978-01-22,M,,,JM
SR-67-VHCH,Nancy Bell,1958-11-23,F,,,SR
AG-97-NEMJ,Jacob Russell,1966-12-24,M,,,AG
RS-55-KLLS,Anthony Ochoa,1971-06-15,M,,,RS
AL-93-DZAC,Holly Martinez,1953-05-22,F,,,AL
BN-72-BJCE,Jamie Smith,2002-12-10,M,,,BN
MD-75-GYZN,Kristin Johnston,1974-02-15,F,,,MD
WS-18-TCPD,Billy Smith,1966-06-07,M,,,WS
UY-75-JLZA,Martin Cortez,1954-12-12,M,,,UY
ET-84-BXQR,Mary Hooper,1956-03-04,F,,,ET
KP-68-WQHB,Diane Smith,1984-04-08,F,,,KP
PS-41-MURZ,Tyler Walter,1970-05-27,M,,,PS
TO-61-JQTL,Carolyn Harrison,1973-04-18,F,,,TO
HT-57-YPXX,Linda Johnson,1953-12-03,F,,,HT
CR-56-EVRA,Melissa Reynolds,1976-07-02,F,,,CR
VU-21-BEFP,Zachary Hernandez,1986-07-12,M,,,VU
KZ-50-JGWX,Adam Mitchell,1957-02-20,M,,,KZ
LA-08-JWYK,Michael Moore,1998-03-12,M,,,LA
ES-88-DYQL,Andrea Martinez,1954-02-17,F,,,ES
ER-64-OPPS,Alec Andrews,1991-05-24,M,,,ER
IQ-67-LEQI,William Turner,1958-06-01,M,,,IQ
RW-33-ZEWC,Dalton Curry,1967-04-27,M,,,RW
SD-53-LMHE,Angela Ponce,1978-02-01,F,,,SD
KN-47-DJYB,Amanda Russell,1992-04-21,F,,,KN
VN-69-GKHR,Vicki Rivera,1974-05-12,F,,,VN
BI-78-VXJT,Steve Kelly,1988-08-03,M,,,BI
HN-35-FPTA,Benjamin Cunningham,1970-07-05,M,,,HN
MD-14-SDGN,Janet Deleon,1974-06-08,F,,,MD
DE-68-IWNT,Mike James,1981-09-11,M,,,DE
SY-14-WSGM,Tiffany Conley,1956-08-07,F,,,SY
BH-88-JGCE,Oscar Scott,1994-05-08,M,,,BH
SD-93-SQIE,John Donaldson,1959-06-16,M,,,SD
BJ-06-ORJP,Sarah Davis,1989-08-05,F,,,BJ
EC-34-CGCO,Brandi Barber,1955-07-13,F,,,EC
FJ-82-QNSB,Alison Walls,1963-04-26,F,,,FJ
VN-11-RXWA,Kelly Mcguire,1998-09-08,F,,,VN
TO-67-VSWK,Michael Garcia,1974-12-20,M,,,TO
MG-02-QAHY,Richard Barnes,1964-01-25,M,,,MG
TW-93-KGWX,Desiree Johnson,1985-04-14,F,,,TW
QA-66-BHRX,Jay Ford,1999-08-30,M,,,QA
TM-03-EJBB,Matthew Crane,1963-03-18,M,,,TM
CG-35-HBHB,Sydney Carter,1980-07-20,F,,,CG
CG-42-CXUK,Henry Guzman,1997-08-02,M,,,CG
WS-82-JPSO,Paula Bailey,1993-10-24,F,,,WS
FI-52-VBJZ,Karen Wilson,1992-12-15,F,,,FI
MM-76-WSMR,Joseph Faulkner,1976-02-15,M,,,MM
NZ-20-JNVF,Brittany Jones,1967-09-30,F,,,NZ
BD-81-DLGU,Evan Hart,1995-02-08,M,,,BD
SZ-14-BLID,Spencer Martin,1997-01-25,M,,,SZ
SD-21-JOCK,Jennifer Jones,1992-08-28,F,,,SD
HT-27-SHAU,Pamela Boyd,1971-07-18,F,,,HT
SR-04-QLLU,Todd Sanders,1993-02-20,M,,,SR
CD-03-YENA,Jaclyn Brown,1962-03-14,F,,,CD
TW-79-IOAV,Christopher Foley,1989-03-06,M,,,TW
CZ-55-BQPG,Jaime Navarro,1955-09-05,F,,,CZ
GH-71-FUYH,Ann Martinez,1987-03-02,F,,,GH
TD-37-GMJE,Melissa Johnson,1999-07-09,F,,,TD
GY-73-FAHZ,Katherine Rogers,1993-11-03,F,,,GY
IQ-86-UKJL,Melissa Owen,1963-05-28,F,,,IQ
IL-59-EEHA,Sabrina Torres,1953-03-10,F,,,IL
KI-32-NGMF,Manuel Lane,2000-07-04,M,,,KI
ZW-81-MWBL,Shaun Wright,1993-10-27,M,,,ZW
SC-75-QSOG,Jason Riley,1961-05-06,M,,,SC
PE-14-WDWO,Ashley Jones,1966-07-08,F,,,PE
SG-06-SGOR,Tom Simpson,1967-02-18,M,,,SG
ML-70-JGLT,Robert Smith,1953-02-24,M,,,ML
SM-34-XUJH,Abigail Thompson,1963-07-18,F,,,SM
SN-59-ATAV,Meagan Lyons,1980-12-16,F,,,SN
BR-83-VHME,David Ortega,1986-05-30,M,,,BR
VN-99-JJHD,Christopher Kelly,1957-07-16,M,,,VN
EC-78-ASHQ,Jesse Wilson,1959-06-01,M,,,EC
SD-77-LALV,Joshua Herrera,1981-08-19,M,,,SD
ZA-32-GURW,Ryan Lopez,1968-12-04,M,,,ZA
NR-49-VHKA,Shelia West,1988-10-29,F,,,NR
IL-81-DHOY,Jimmy Curry,2003-08-29,M,,,IL
CA-14-WUMB,Jack Madden,1976-11-23,M,,,CA
PW-76-XNVX,Zachary White,1975-12-07,M,,,PW
DM-18-FUBG,Cheryl Stewart,1961-07-28,F,,,DM
KH-20-ZDVW,Katherine Cook,1971-11-29,F,,,KH
PE-68-DADK,Hailey Scott,1983-04-06,F,,,PE
DK-06-IHYT,Jennifer Brown,1989-12-28,F,,,DK
MN-82-JNPN,Tyler Rodriguez,1997-03-05,M,,,MN
TN-16-NZKV,Julie Holmes,2003-03-14,F,,,TN
MV-55-RBCU,Carlos Goodwin,1968-02-12,M,,,MV
SM-26-AFKV,Yolanda Lopez,1996-06-17,F,,,SM
BA-83-WJFU,Jeffrey Sullivan,1967-11-02,M,,,BA
DM-28-XRRK,Lisa Gutierrez,1969-05-27,F,,,DM
ZA-36-BHZS,Brendan Campbell,1982-03-16,M,,,ZA
ER-77-PTAA,Ian Figueroa,1988-04-05,M,,,ER
TW-73-HYKV,Melanie Harrison,1987-08-27,F,,,TW
GT-69-PRCC,Crystal Munoz,1998-05-25,F,,,GT
BA-33-KNOO,Teresa Ballard,1966-06-17,F,,,BA
PK-92-ZACD,Gregory Wilson,1955-05-18,M,,,PK
VE-04-RNHH,Michelle Morgan,1982-01-17,F,,,VE
VN-42-AKNL,Mary Lewis,2002-11-15,F,,,VN
CU-33-RGTY,Rebecca Smith,1989-12-18,F,,,CU
ER-90-LGBN,Cindy Murphy,1953-03-01,F,,,ER
WS-17-GGMW,Kimberly Stone,1982-10-13,F,,,WS
LC-64-CXCA,Michael Spencer,1986-02-17,M,,,LC
MH-03-HMSF,Stephanie Patterson,1972-05-26,F,,,MH
NO-95-ZOXQ,Katherine Mitchell,1999-12-28,F,,,NO
SK-03-YMIH,Christine Vaughan,1995-12-09,F,,,SK
LA-79-IHNY,Maureen Williams,1954-09-15,F,,,LA
TM-05-JFQB,Brett Williams,1981-09-05,M,,,TM
KG-44-BLBM,Nicole Thomas,1991-10-25,F,,,KG
LK-58-UJDD,Anthony Chavez,1962-12-04,M,,,LK
NE-27-TBKP,Jacob Quinn,1981-09-28,M,,,NE
LS-89-DUUL,Raymond Martinez,1969-11-25,M,,,LS
LY-23-EHOO,Patricia Rodriguez,1989-10-02,F,,,LY
BG-62-CNAR,Erin Reid,1964-10-04,F,,,BG
NL-37-LDMJ,Laura Klein,1955-02-26,F,,,NL
DO-72-FLEK,Juan Fox,1993-08-08,M,,,DO
KM-89-YXAC,Joseph Parker,1970-01-29,M,,,KM
KR-51-CACQ,Terry Morrison,1993-08-28,M,,,KR
SD-86-YRUA,Caroline Brown,1988-01-21,F,,,SD
IE-58-HOPB,Olivia Cortez,1999-10-06,F,,,IE
UZ-66-SKMG,Douglas Nguyen,1999-05-03,M,,,UZ
MZ-39-OAFJ,Ann Pena,2004-09-14,F,,,MZ
PS-45-IOXW,Kyle Sanders,1974-01-19,M,,,PS
BD-82-HULJ,Kayla Gomez,1955-11-28,F,,,BD
UG-35-LJYE,Walter Gould,1983-12-29,M,,,UG
EC-11-PQJJ,Kathryn Johnson,1957-06-17,F,,,EC
ET-82-RYEI,Kelsey Duran,1961-05-10,F,,,ET
HT-58-MYDR,Cynthia Ward,1990-05-04,F,,,HT
BR-70-IPNJ,Lori Sherman,1988-12-17,F,,,BR
TD-03-YBTE,Roger Gomez,1980-11-04,M,,,TD
MN-13-NZOU,Sonya Gordon,1996-09-13,F,,,MN
ET-81-DAXI,James Murphy,2004-08-03,M,,,ET
AR-69-BRKM,Debra Ray,2001-03-15,F,,,AR
BR-52-SHSR,William Mcgrath,1961-09-13,M,,,BR
NG-11-QBLK,Michael Valdez,1983-04-10,M,,,NG
MT-49-BFEH,Megan Porter,1965-02-27,F,,,MT
BH-55-MEHD,Heather Moreno,1984-08-26,F,,,BH
CU-30-WQEY,Jack Murray,2004-01-27,M,,,CU
KZ-48-DKIA,Casey Green,1993-10-01,M,,,KZ
PK-60-FVUL,Sydney Jackson,1971-10-11,F,,,PK
TO-03-HIYT,Catherine Anderson,1972-02-27,F,,,TO
SI-08-CEJK,Rebecca Mcconnell,1985-12-09,F,,,SI
GH-62-FFUD,Deborah Austin,1953-07-28,F,,,GH
AU-20-YOXZ,Jessica Johnson,1993-04-27,F,,,AU
VC-84-ATSV,Linda Smith,1981-03-23,F,,,VC
AM-70-NOWB,Taylor Harrison,1960-09-25,M,,,AM
BZ-95-MPFN,Justin French,1959-02-14,M,,,BZ
BJ-11-KZYN,Matthew Bell,1990-01-31,M,,,BJ
MD-44-IZGY,Eric Cortez,1960-09-18,M,,,MD
AR-18-VPBP,Monica Dominguez,1984-02-23,F,,,AR
TG-20-DTSM,Sheila Reid,1968-03-20,F,,,TG
BG-11-LAOM,Natasha Moore,1969-05-10,F,,,BG
UA-86-WFYS,Timothy Oconnor,1995-01-08,M,,,UA
FI-72-AKRM,Tyler Smith,1979-01-09,M,,,FI
MC-66-WXWW,Tamara Clark,1973-10-08,F,,,MC
NE-33-NJWK,Jessica Madden,1989-09-28,F,,,NE
MM-91-VQZW,Katherine Franklin,1988-08-31,F,,,MM
GB-66-PTAS,John Castillo,2002-07-30,M,,,GB
TV-44-ECLZ,Jennifer Daniels,1992-04-28,F,,,TV
LV-35-BIGE,Gerald Moore,1953-04-20,M,,,LV
AZ-48-YPXQ,Chelsea Burch,1987-09-20,F,,,AZ
GD-55-PKIA,Nancy Morgan,1978-10-12,F,,,GD
GQ-30-OMVO,David Todd,1987-01-19,M,,,GQ
BS-69-OHCZ,Heather Hartman,1975-01-26,F,,,BS
OM-90-PCTD,James Figueroa,1976-11-21,M,,,OM
MN-55-FJVX,Bradley Brown,1988-08-02,M,,,MN
OM-54-INFS,Stephanie Richards,2000-03-01,F,,,OM
BO-74-YNMW,Cody Kim,1952-09-25,M,,,BO
LY-38-VEYO,Kristy Peters,1978-07-07,F,,,LY
MZ-55-UHWU,Kelly Bell,1969-06-10,F,,,MZ
DZ-12-HMOB,Jacob Hardin,1977-01-26,M,,,DZ
SK-22-FSOO,Heather Castillo,1960-07-02,F,,,SK
GE-44-JART,Sheila Mcbride,1965-09-22,F,,,GE
TL-64-UELM,Jennifer Cantu,1996-09-29,F,,,TL
SL-73-ITOC,Amy Humphrey,1997-01-09,F,,,SL
KR-99-XTAX,Melvin Buckley,1964-02-27,M,,,KR
FR-98-VYNX,Valerie Andrade,1964-09-26,F,,,FR
BO-83-YXOQ,Nicholas Gross,1994-01-13,M,,,BO
SV-02-YOYK,Amanda Johnson,1979-03-02,F,,,SV
KP-92-WHHD,Katie Thompson,1974-03-27,F,,,KP
UA-56-FYJV,Kelly Chapman,1980-12-23,M,,,UA
SK-78-VGQZ,Melanie Garcia,1954-10-18,F,,,SK
BO-38-DLRD,Susan Gutierrez,1988-11-12,F,,,BO
AF-44-KUNV,Todd Allen,2002-04-13,M,,,AF
VC-66-ZKRK,Tiffany Rogers,1980-11-13,F,,,VC
CV-80-HYUU,Andrea Hess,1972-11-28,F,,,CV
HR-05-OQZT,Christopher Gibson,1996-10-02,M,,,HR
NO-65-LJMU,Miranda Williams,1970-08-09,F,,,NO
SD-28-QOIB,Misty Underwood,1987-03-05,F,,,SD
MA-93-JTIO,Eric Alexander,2003-06-12,M,,,MA
NR-83-KYNS,Tonya Colon,1990-04-25,F,,,NR
PE-10-NYQC,Karen Nelson,1985-10-08,F,,,PE
SY-24-YDRN,Brittany Ramsey,1963-08-25,F,,,SY
AG-73-JFQO,Tara Petty,1993-12-23,F,,,AG
BD-72-HBHB,Danielle Lewis,2000-03-19,F,,,BD
IQ-52-KYWH,Denise Lucas,1997-06-03,F,,,IQ
LV-97-QEBJ,Gregory Gilbert,1971-03-15,M,,,LV
MC-75-BFNL,Tara Vasquez,1968-07-31,F,,,MC
TD-51-VHOV,Christopher Rogers,1952-11-25,M,,,TD
EG-11-QKGR,Michael Blair,1981-09-29,M,,,EG
ET-88-RURP,John Pierce,1978-09-29,M,,,ET
KP-50-GFFB,Yvonne Howard,1964-05-01,F,,,KP
GB-34-STTL,Jennifer Rose,2004-03-14,F,,,GB
SK-09-GCBI,Renee Grimes,1989-10-16,F,,,SK
AT-66-SBYR,Dawn Parker,1997-02-06,F,,,AT
AZ-28-VWCU,Kylie Harmon,1978-02-18,F,,,AZ
LB-64-CXVT,Dale Harvey,1963-09-22,M,,,LB
NR-40-KDUK,Ruth Bell,1999-02-03,F,,,NR
BO-68-EFHI,Brett Wright,1959-05-04,M,,,BO
IQ-21-JHQB,Mark Foley,1997-02-09,M,,,IQ
KN-14-NJRD,Gary Dickson,1994-09-24,M,,,KN
MN-71-ZIHI,Heather Gallagher,1993-03-26,F,,,MN
LC-92-ILTW,Nancy Flores,1965-07-06,F,,,LC
TR-93-PYMU,Jason Parker,1979-04-10,M,,,TR
RO-90-SLPJ,Suzanne Wheeler,1983-09-14,F,,,RO
SR-04-SDLE,Mary Brown,1987-05-09,F,,,SR
KH-93-CGIX,Andrea Price,1961-04-12,F,,,KH
WS-66-LTGD,Trevor West,1967-04-17,M,,,WS
LV-93-GSSH,Christopher Davis,1982-09-06,M,,,LV
MD-51-GMWM,Allison Singleton,1981-05-28,F,,,MD
KZ-86-NZJT,Jonathon Roach,1964-05-28,M,,,KZ
HR-70-SOGO,Jonathan Martin,1998-01-18,M,,,HR
NL-89-FZJU,Daniel Cruz,1991-12-13,M,,,NL
VC-22-CPXA,Megan Tucker,2001-07-21,F,,,VC
JP-52-ZIZP,Richard Cohen,1999-07-01,M,,,JP
US-54-RYVT,Brenda Gamble,2000-06-02,F,,,US
RU-32-XPJU,Russell Brewer,2000-09-24,M,,,RU
ML-19-EUVU,Kimberly Beasley,2002-07-01,F,,,ML
SR-95-JEFV,Henry Rogers,1952-09-23,M,,,SR
NR-41-BBOC,Jonathan Lopez,2004-09-11,M,,,NR
RW-90-WHNJ,Theresa Hernandez,1958-10-28,F,,,RW
MT-20-OITS,Judith Wells,1981-10-15,F,,,MT
LC-66-IISK,Katherine James,2000-05-20,F,,,LC
LY-46-QLPH,Angela Foster,1963-06-07,F,,,LY
BB-03-HTWI,April Bailey,1963-08-30,F,,,BB
SI-61-FBZB,Ann Walters,2004-04-18,F,,,SI
ET-29-QXHS,Kaitlyn King,1981-03-25,F,,,ET
AZ-42-RDAW,Lauren Lawson,1970-11-28,F,,,AZ
KW-17-NYKL,Blake Williams,1963-06-02,M,,,KW
KN-13-GZZK,Nicole Carpenter,1953-09-09,F,,,KN
EC-55-HLYK,Jessica Santos,1997-05-17,F,,,EC
KW-47-MHMF,Sarah Lee,1957-04-16,F,,,KW
PY-67-EHXG,Robert Lin,1965-09-07,M,,,PY
NA-07-KQGZ,Daniel Wolfe,1999-12-21,M,,,NA
AM-11-TJUM,Jason Johns,1992-09-07,M,,,AM
AL-82-QXDP,Tracy Torres,1976-12-07,F,,,AL
PY-88-EHOZ,John Robinson,1959-06-18,M,,,PY
NO-29-LZEV,Hailey Edwards,1979-03-07,F,,,NO
TO-08-VNRS,Jessica Caldwell,1995-10-28,F,,,TO
ST-03-FPUB,Brenda Miller,1966-04-16,F,,,ST
CL-27-HLLL,Jill Ferguson,1969-07-03,F,,,CL
JM-41-IZPA,Aaron Dickerson,1972-10-01,M,,,JM
DO-25-CKLW,Daniel Evans,1956-11-25,M,,,DO
AU-49-FNHE,Kristina Owens,1987-08-13,F,,,AU
BN-95-HUZI,Bryan Gutierrez,1987-03-23,M,,,BN
WS-69-YHCX,Molly Escobar,1970-01-15,F,,,WS
BG-14-XMWQ,Linda Horton,1979-03-19,F,,,BG
TH-81-FDXQ,Danielle Knight,1988-02-23,F,,,TH
MD-22-IONH,Bryan Jacobs,1974-04-14,M,,,MD
US-69-WKPI,Theresa Hopkins,1972-12-05,F,,,US
HT-39-OQCT,Christina Simmons,1973-02-17,F,,,HT
GE-02-VTIK,Tara Smith,1957-08-14,F,,,GE
AG-31-STJG,Jacob Lee,1982-06-12,M,,,AG
KR-74-KMRZ,Barbara Schmidt,1991-01-27,F,,,KR
PY-15-JEUU,Cody Jennings,1955-11-13,M,,,PY
TH-87-YIYM,David Bryant,2000-09-02,M,,,TH
GB-76-MFPK,Daniel Smith,2004-01-27,M,,,GB
BT-58-WGBY,Jessica Ruiz,1986-12-30,F,,,BT
MA-95-TASQ,Michael Cline,1998-06-22,M,,,MA
GW-76-QGYB,Trevor Ramsey,1966-03-14,M,,,GW
ZA-79-CPEN,Crystal Mcbride,1991-09-22,F,,,ZA
RU-12-TBEX,Lori Hunt,1982-12-17,F,,,RU
ZA-63-AFKE,Brian Hull,1955-06-27,M,,,ZA
MT-09-HWUI,David Vega,1982-05-31,M,,,MT
HN-28-BCEI,Jason Carpenter,1972-10-20,M,,,HN
MC-15-FKYK,Allen Simmons,1996-03-08,M,,,MC
CF-06-ZEEG,Jonathan Phillips,1959-12-15,M,,,CF
GY-27-KWIC,Danielle Hickman,1957-12-20,F,,,GY
AU-43-EVSH,Amanda Long,1977-07-16,F,,,AU
BT-60-DLZF,Charles Santos,1967-08-10,M,,,BT
LY-44-BKWQ,Emma Gonzalez,1986-11-16,F,,,LY
EE-70-KMAO,Michelle Collins,1960-11-21,F,,,EE
HN-54-PLMV,Peter Mcgee,1993-08-08,M,,,HN
IE-98-BOZY,Brittany Ortiz,1975-09-10,F,,,IE
RU-61-OZFH,Francisco Jackson,1978-11-18,M,,,RU
GQ-49-ONFZ,Katherine Hodge,1977-11-10,F,,,GQ
SO-86-WGLJ,Sheila Gonzales,1969-12-21,F,,,SO
TN-87-MDVU,Tammy Johnston,1973-09-29,F,,,TN
GQ-95-NKRZ,Nathaniel Christensen,1999-07-17,M,,,GQ
UY-74-XSNV,Duane Swanson,1986-03-22,M,,,UY
EE-84-PFDY,Kevin Williams,1984-04-17,M,,,EE
FJ-28-XUNV,Kathryn Bolton,1994-06-03,F,,,FJ
JM-63-ZHHA,Pamela Coleman,1984-09-03,F,,,JM
TN-38-YXXU,Erin Strickland,1952-12-08,F,,,TN
EE-21-WQXT,Jessica Kim,1956-07-25,F,,,EE
GQ-97-XXWC,Tara Hill,1983-12-30,F,,,GQ
SE-57-IQGC,Michael Crawford,2004-02-21,M,,,SE
MW-44-HIYQ,Mary Morgan,1989-02-10,F,,,MW
DZ-35-ERQV,Joseph Williams,1975-07-12,M,,,DZ
KR-51-RUDU,Michael Schroeder,1999-10-09,M,,,KR
LK-75-BGAP,Sherry Dawson,1964-03-16,F,,,LK
CD-05-WIYT,Randy Ford,1995-05-24,M,,,CD
SV-19-KCVX,Elaine Hayes,1977-09-28,F,,,SV
VC-44-LZUP,Dominique Ross,1966-02-23,F,,,VC
MT-21-RVEF,Crystal Ritter,1954-03-11,F,,,MT
RU-70-CGFA,Jasmin Morrison,1963-09-29,F,,,RU
CZ-50-UUUP,Larry Myers,1958-08-17,M,,,CZ
PL-97-VBGI,Bruce Summers,1975-08-09,M,,,PL
BD-20-VCZK,Mikayla Robinson,1993-10-05,F,,,BD
LS-03-PXLG,Michael Anderson,1980-11-06,M,,,LS
US-72-HGBZ,Eric Garcia,2003-03-04,M,,,US
BN-68-TUGU,Carmen Francis,2000-02-16,F,,,BN
CV-52-QTQW,Sharon Schultz,2001-08-01,F,,,CV
CV-58-LGME,Lauren Smith,1957-09-25,F,,,CV
PL-98-ZDRS,Joshua Perry,1965-03-05,M,,,PL
GD-85-TLEM,Suzanne Baker,1980-03-06,F,,,GD
LV-02-CIOJ,Melissa Willis,1958-08-07,F,,,LV
SE-35-XBVP,Wendy Snyder,1992-10-03,F,,,SE
MA-92-EERP,Barbara Stone,1973-05-13,F,,,MA
NO-74-DVXP,Kayla Martin,1984-07-10,F,,,NO
RW-41-AMAA,Jerry Harrington,2004-01-12,M,,,RW
TN-99-QVSB,Teresa Scott,1986-09-06,F,,,TN
GD-72-JSYM,William Hammond,1992-09-18,M,,,GD
PW-01-TFTR,Ryan Sparks,1963-09-07,M,,,PW
NP-34-OIWJ,Nicholas Knight,1960-06-21,M,,,NP
IE-38-ZPMH,Bradley Jennings,1990-03-22,M,,,IE
AT-81-VHUT,Annette Jefferson,1968-09-08,F,,,AT
UZ-22-LBLR,Stephanie Hernandez,1988-06-02,F,,,UZ
CV-99-FGNW,Zachary Jacobs,1956-07-11,M,,,CV
VE-41-UZNF,Sean Johnson,1963-10-24,M,,,VE
SL-29-QYXZ,Rebecca Ballard,1982-11-20,F,,,SL
RO-02-KNLL,Adam Davis,1968-04-12,M,,,RO
UA-14-LFSU,Ellen Bates,1993-07-28,F,,,UA
MH-61-QXMW,William Ward,1970-07-19,M,,,MH
TM-36-BYBD,Derek Dixon,1957-06-06,M,,,TM
TH-52-MIRM,Ashley Carter,1953-06-16,F,,,TH
PG-69-JLTR,Molly Key,2002-03-06,F,,,PG
NG-85-LFGT,Christina Morton,1993-01-16,F,,,NG
AZ-06-ZLTN,Heather Le,1973-04-27,F,,,AZ
BF-99-FCXZ,Jessica Fitzpatrick,1953-08-16,F,,,BF
NZ-76-WYEI,Victor Pollard,1989-08-04,M,,,NZ
GQ-75-PQJS,Jocelyn Garrett,1966-11-19,F,,,GQ
NI-47-FGTP,Justin Williams,1972-06-29,M,,,NI
GE-47-EWMY,Trevor Valenzuela,1970-09-25,M,,,GE
SR-76-HTQJ,Diane Perry,1996-07-20,F,,,SR
MC-08-WYZV,Thomas Harris,1979-11-16,M,,,MC
AM-85-GPCI,Michelle Reyes,1974-03-04,F,,,AM
ST-12-WBAR,Jennifer Williamson,1963-04-27,F,,,ST
TT-33-LKOS,Vanessa Bentley,1971-03-13,F,,,TT
IL-67-VJXO,Denise Miller,1959-11-02,F,,,IL
BJ-03-TSJP,Monica Lucas,1978-01-14,F,,,BJ
ER-47-BIJO,Kevin Bowen,1968-01-31,M,,,ER
MU-96-ZPYS,Eric Andersen,1981-06-07,M,,,MU
TR-82-TCRJ,Erika Martin,1969-05-15,F,,,TR
BD-88-NQUT,Brandon Estrada,1972-06-11,M,,,BD
LA-19-GLAU,John Nolan,2003-04-21,M,,,LA
OM-87-DULZ,Lisa Ortega,1953-10-06,F,,,OM
CM-36-ZQJV,Monica Brown,1958-10-06,F,,,CM
LI-93-NCTB,Luis Huff,1992-03-03,M,,,LI
BH-27-YPJV,Karla Walker,1991-01-27,F,,,BH
PH-90-YDPQ,Michael Patterson,2002-02-04,M,,,PH
RU-26-KYLA,Crystal David,1999-01-11,F,,,RU
JM-44-WTYE,Lori Barker,1969-04-10,F,,,JM
AZ-14-HZPJ,Wendy Michael,1956-01-13,F,,,AZ
TH-96-PQPJ,Peter Smith,1955-07-11,M,,,TH
SN-97-BNDU,Richard Mccall,1981-02-15,M,,,SN
MA-21-WABQ,Richard Williams,1955-04-04,M,,,MA
MH-78-MTLN,Christopher Thomas,1966-08-07,M,,,MH
BT-61-OXWA,Blake Clark,1961-04-06,M,,,BT
SC-21-WDCH,Jennifer Mosley,2001-11-22,F,,,SC
SK-64-QBBO,Shannon Calderon,1981-01-12,F,,,SK
LB-66-WQJR,Richard Walker,2000-06-13,M,,,LB
MZ-21-BDAZ,Stephen Warren,1963-04-01,M,,,MZ
VN-18-CKMK,Lori Nash,1987-05-28,F,,,VN
BR-08-LKMX,Samantha Cooper,1961-10-21,F,,,BR
RS-26-VHDS,Alexis Drake,1981-10-03,M,,,RS
KP-72-IYPD,Michael James,1966-08-10,M,,,KP
BO-28-UZGW,Katherine Mitchell,1957-07-03,F,,,BO
SR-81-VWAM,Tracey Roberts,1972-02-14,F,,,SR
MY-38-UQSK,Rhonda Torres,1987-07-02,F,,,MY
ZW-04-WDPZ,Jeffrey Shah,1988-11-23,M,,,ZW
IR-93-MOTT,Jeffery White,1990-01-05,M,,,IR
AG-87-HUHM,Linda Guzman,1959-11-22,F,,,AG
SL-77-EWEW,Jaclyn Brady,1986-08-11,F,,,SL
MU-24-GWJZ,David Jackson,1972-06-12,M,,,MU
BS-96-RWEJ,Erica Ramos,1973-02-01,F,,,BS
GM-77-PLJG,Frank Liu,1998-12-28,M,,,GM
DZ-83-XEOT,Alan Wells,1987-12-26,M,,,DZ
TG-64-TZON,Kathryn Townsend,1980-08-13,F,,,TG
CU-52-WCIE,Julie Patterson,1961-02-02,F,,,CU
SG-20-VHRI,Destiny Tran,1961-09-02,F,,,SG
PW-73-NYFQ,Daniel Mclaughlin,1964-01-05,M,,,PW
PG-54-ZYWF,Rhonda Salinas,1952-12-06,F,,,PG
ER-88-UZYU,Joshua Horton,2004-03-31,M,,,ER
GD-19-RYPZ,Diana Hooper,1953-05-02,F,,,GD
PY-06-YSLX,Derrick Clarke,1969-05-29,M,,,PY
MK-27-AOPO,Joseph Williams,1984-11-08,M,,,MK
UG-63-VKPB,Michele Castro,1955-04-24,F,,,UG
MM-79-JUJB,Erin Hawkins,1974-10-31,F,,,MM
SD-82-GSZV,James Hayes,1997-12-06,M,,,SD
SR-76-VCJL,Kevin Jones,1984-07-28,M,,,SR
SZ-13-VQDZ,Jeremy Stafford,1998-10-14,M,,,SZ
BD-02-YJCS,Juan Thomas,1988-12-01,M,,,BD
IS-75-GTMW,Jonathan Hoffman,1961-03-14,M,,,IS
BA-15-ZIOC,Dawn Bautista,1982-11-12,F,,,BA
PH-42-UJUG,Trevor Smith,2001-06-07,M,,,PH
EC-10-ZKHI,Maria Cruz,1989-03-05,F,,,EC
BW-09-MZSZ,Christopher Rodriguez,2000-05-14,M,,,BW
BT-07-MBHK,Kristen Williams,1998-12-28,F,,,BT
NP-25-AURH,Jacqueline Jenkins,1974-10-07,F,,,NP
DE-40-NYKM,Matthew Beasley,2002-03-23,M,,,DE
UZ-59-YNFC,Kendra Wilson,1962-01-31,F,,,UZ
SN-65-MYMG,Jessica Gardner,2001-01-02,F,,,SN
KR-33-OTSY,Ricardo Smith,1997-05-18,M,,,KR
LC-39-QUEV,Anthony Osborn,1993-12-03,M,,,LC
SK-86-QOOI,Karen Robinson,1981-11-23,F,,,SK
UG-72-EDLZ,Samuel Smith,1999-09-05,M,,,UG
KH-29-EBUQ,Angela Curtis,1972-05-22,F,,,KH
HR-85-NEHB,Mary Moore,1985-05-10,F,,,HR
IS-68-SAWW,Jasmine Wright,1967-10-22,F,,,IS
KE-70-FXOS,Alejandro Wells,1975-01-28,M,,,KE
VE-48-QATH,Michael Nelson,1998-09-11,M,,,VE
AE-32-RYNN,Sean Morris,1987-04-01,M,,,AE
GN-01-OFEI,Jeffrey Robertson,1997-05-24,M,,,GN
PS-11-OCON,Valerie Fuentes,1966-03-03,F,,,PS
RS-82-PLRW,Sandra Rogers,1995-12-15,F,,,RS
MT-73-VWGM,Kelly Thomas,2004-05-30,F,,,MT
SL-56-SXBW,Peggy Vasquez,2004-08-30,F,,,SL
JO-86-FXBR,Robert Fischer,1992-02-07,M,,,JO
DM-44-PFLX,Alicia Soto,2001-03-30,F,,,DM
MG-89-VZHH,Robert Hodge,1989-05-26,M,,,MG
TR-75-YSUV,Kellie Simpson,1997-01-06,F,,,TR
IL-17-ZSLG,Todd Walker,1995-03-31,M,,,IL
TM-03-POTS,Julia Nguyen,1992-11-21,F,,,TM
CG-36-WAUQ,Jennifer Smith,1984-10-30,F,,,CG
FI-12-AFQP,Michael Adams,1994-05-02,M,,,FI
MN-79-CROX,Meredith Davis,1969-05-28,F,,,MN
SR-90-HBWX,Meghan Foster,1976-06-27,F,,,SR
PY-65-BVHZ,Jacqueline Lambert,1958-12-23,F,,,PY
MU-88-UPGX,Tonya Howell,1965-11-01,F,,,MU
ZA-43-RYVF,Brian Griffin,1965-06-08,M,,,ZA
KE-96-HYIH,Jessica Barker,1959-07-10,F,,,KE
BG-96-BQRJ,Richard Robinson,1970-07-05,M,,,BG
HU-81-MOLT,Linda Mckenzie,1983-05-16,F,,,HU
ES-70-NBZP,George Wiggins,1987-01-28,M,,,ES
FM-53-RUUH,Elizabeth Walker,2001-08-18,F,,,FM
SZ-14-WINI,Robert Davis,2000-02-28,M,,,SZ
AO-61-YBRQ,Harold Guzman,1969-01-27,M,,,AO
ZW-12-RGUU,Dale Williams,1984-04-18,M,,,ZW
BZ-05-NMJK,James Delgado,1964-02-23,M,,,BZ
CO-04-ABZT,Brandon Hogan,1961-06-22,M,,,CO
SK-40-JPWZ,Molly Russell,2003-10-04,F,,,SK
SE-03-OBTC,Jacqueline Pierce,1970-02-04,F,,,SE
KI-01-YBVF,Jason Keith,1989-01-07,M,,,KI
VE-61-NEFE,Gary Holland,1999-05-15,M,,,VE
MT-27-KTMV,Kimberly Perry,2002-05-03,F,,,MT
MV-04-KECN,Jason Allen,1963-05-21,M,,,MV
MC-66-GJMV,Samuel Stanton,1974-09-09,M,,,MC
KI-29-BTST,Mary Hamilton,1981-03-21,F,,,KI
GN-97-UIAF,Cody Walker,1978-07-25,M,,,GN
KW-39-MJWF,Nathaniel Morris,1961-08-26,M,,,KW
JP-88-TMYB,Terry Robinson,1962-03-24,M,,,JP
SM-89-COMH,Shane Cuevas,1952-11-17,M,,,SM
AO-60-KNMB,Jennifer Horne,2000-08-11,F,,,AO
AE-04-PCHW,Julie Taylor,1961-11-14,F,,,AE
IR-98-OYIY,Amy Copeland,1954-10-12,F,,,IR
TN-26-JCUF,Whitney Burke,1996-02-03,F,,,TN
JM-41-CRMF,Natasha Scott,2002-01-20,F,,,JM
VU-17-WCWI,Brandon Keller,2000-01-17,M,,,VU
BN-17-JUEZ,Daniel Steele,1972-05-02,M,,,BN
VN-82-NGQW,Patrick Simmons,1954-02-26,M,,,VN
KH-12-ZRVX,Mary Berger,1957-06-17,F,,,KH
QA-27-GFKE,Cory Leonard,1967-11-24,M,,,QA
BR-17-WKTL,Cameron Jenkins,2002-01-23,M,,,BR
BO-48-VCOQ,Marvin Sanchez,1957-09-19,M,,,BO
KP-19-NMLI,April Taylor,2000-01-03,F,,,KP
PL-95-DNAC,Richard Smith,1961-03-29,M,,,PL
UA-29-ZQRZ,Johnathan Sherman,1964-03-05,M,,,UA
RW-14-YMFS,Gabriel Armstrong,1999-02-22,M,,,RW
BZ-30-QIQG,Amber Taylor,1986-08-10,F,,,BZ
CG-39-CVLB,Andrew Stone,1968-01-27,M,,,CG
BO-28-QTLT,Sarah Holmes,1973-04-03,F,,,BO
AL-47-MJNI,Steven Moses,1959-09-04,M,,,AL
HU-85-FOWO,Ryan Olson,1995-01-26,M,,,HU
CR-85-LEUU,Kenneth Pearson,1994-10-11,M,,,CR
BS-71-XKLW,Ashley Terrell,1979-08-08,F,,,BS
GN-00-DRHM,Vincent Johnson,1998-05-31,M,,,GN
KG-78-HQNB,Charles Tanner,2001-05-05,M,,,KG
CA-14-JCRH,Heather Walsh,1973-01-10,F,,,CA
AT-23-VEIS,Philip Martin,1994-02-17,M,,,AT
NL-57-QGHK,Elizabeth Robinson,1983-09-03,F,,,NL
HN-85-KWJR,Andrew Velez,1986-10-01,M,,,HN
TG-24-SGBD,Jason Weber,1952-11-09,M,,,TG
BW-50-EZCB,Seth Mahoney,1974-02-02,M,,,BW
PE-51-GZQZ,Jordan Thomas,1962-06-27,M,,,PE
ZA-19-TXXE,Brenda Baker,1958-05-09,F,,,ZA
FI-50-XAAK,Crystal Allen,1998-07-22,F,,,FI
ZW-74-DXBY,Michelle Gutierrez,1981-12-07,F,,,ZW
TM-35-JNGO,Lori Moore,1983-06-07,F,,,TM
SL-02-WZNK,Melissa Pacheco,1988-05-31,F,,,SL
MC-27-FKKV,Latasha Hartman,1967-08-22,F,,,MC
TJ-60-ISZX,John Peters,1952-11-25,M,,,TJ
KZ-16-XSZD,Richard Patel,1984-07-28,M,,,KZ
SM-32-EXUF,David Perez,2001-10-29,M,,,SM
BA-96-BTKS,Crystal Castillo,2000-06-23,F,,,BA
EE-92-QZDK,Adam Munoz,1975-12-24,M,,,EE
GH-74-GOJT,Kelly Cole,2002-01-01,F,,,GH
TD-90-OCEU,Patrick Jones,1984-02-07,M,,,TD
MG-97-KWIZ,Christine Campbell,1994-04-25,F,,,MG
KH-03-KSMG,John Mccormick,1984-03-03,M,,,KH
ES-54-OFXP,Douglas Hobbs,1981-12-09,M,,,ES
VC-57-BONQ,Vanessa Carter,1979-06-21,F,,,VC
EC-15-ICLS,Paul Simmons,1994-05-03,M,,,EC
IS-13-LJDI,Mitchell Brandt,1963-09-12,M,,,IS
ZW-25-KSEE,David Robinson,1956-09-28,M,,,ZW
SV-05-LQZB,Amy Dorsey,1983-11-27,F,,,SV
ZW-73-DBTR,Steven Gonzalez,1986-11-04,M,,,ZW
NZ-48-SNVR,Michelle Glover,2004-08-01,F,,,NZ
KG-50-FBQC,Tricia Rojas,1997-06-30,F,,,KG
MX-69-SPDW,John Ramirez,1965-06-08,M,,,MX
SG-27-YJUK,Sheena Turner,1972-08-04,F,,,SG
UG-49-LOXR,Gregory Garcia,1954-03-13,M,,,UG
TR-02-LFAV,Tracy Rasmussen,1985-01-14,F,,,TR
MY-55-HIVT,Frank Hernandez,1960-01-11,M,,,MY
TR-04-MQMX,Jose Mckenzie,1971-09-20,M,,,TR
SN-60-SLUF,Joseph Mason,1982-06-27,M,,,SN
HT-60-MMGG,Ashley Clayton,1996-03-17,F,,,HT
IR-89-URPW,Alex Webb,2001-07-06,M,,,IR
SR-52-WSHW,Michael Neal,1976-10-04,M,,,SR
JP-17-ZJAS,Chad Whitaker,1962-08-09,M,,,JP
PH-14-PSIW,Benjamin Jackson,1964-12-28,M,,,PH
BT-58-PUCP,Brittany Olson,1983-04-14,F,,,BT
SC-09-NTCG,Megan Serrano,2003-03-18,F,,,SC
ZM-19-GPIL,Karla Davis,1968-11-12,F,,,ZM
CA-68-CSIV,Amanda Garcia,1982-12-24,F,,,CA
ME-75-CXAJ,Jeremy Short,1973-07-16,M,,,ME
CV-22-ZKOU,Heidi Martinez,1983-09-10,F,,,CV
PY-39-NFJB,Monique Rice,1986-10-18,F,,,PY
TT-08-XWTU,Gwendolyn Hale,1978-04-29,F,,,TT
TM-31-VRUB,Todd Parsons,1975-05-10,M,,,TM
LI-97-QBWJ,Martin Smith,1960-08-02,M,,,LI
CA-11-ADLM,Peter Gutierrez,1981-02-20,M,,,CA
ZA-33-ZGPL,Shelby Coleman,1983-07-24,F,,,ZA
QA-29-EMVO,Lauren Miles,1988-01-26,F,,,QA
SV-50-XQRG,Michelle Smith,1963-02-28,F,,,SV
GY-71-QJQX,William Roberts,1964-09-04,M,,,GY
BZ-96-TCGF,Tammy Bradshaw,1959-08-26,F,,,BZ
ML-77-UPBJ,Sherry Holt,1976-07-23,F,,,ML
PA-45-MPAS,Jennifer Estes,1957-08-02,F,,,PA
MM-17-LPLS,Amy Simmons,1965-03-06,F,,,MM
NL-34-ZMVO,Nicholas Kim,2000-03-26,M,,,NL
CO-85-PJUV,Laura Thomas,1994-07-05,F,,,CO
DE-51-NLOX,Scott Huff,1968-08-24,M,,,DE
TN-70-MMAR,Mary Weber,1953-07-28,F,,,TN
CV-95-KLZN,Faith Reid,1959-02-16,F,,,CV
PK-25-GHNN,Kenneth Winters,1965-11-16,M,,,PK
SR-08-NYUX,Laurie Diaz,1995-04-01,F,,,SR
VU-55-VPGD,Jerry Miller,1984-12-11,M,,,VU
ST-86-QXXU,Lisa Lyons,1991-02-20,F,,,ST
MK-26-RPMI,Terri Duffy,1986-04-12,F,,,MK
LV-27-ZUCY,Justin Savage,1968-12-08,M,,,LV
BE-20-QWTQ,Robert Roberts,1954-11-19,M,,,BE
TR-68-FMOW,Debra Thomas,2001-03-03,F,,,TR
TG-02-IGPD,Harry Wilkerson,1956-06-13,M,,,TG
AD-42-MNDL,Rodney Mendez,1982-03-05,M,,,AD
BZ-68-YHUE,Joseph Lozano,1999-02-22,M,,,BZ
NI-02-EOKQ,Todd Thomas,1978-05-07,M,,,NI
GQ-31-QASD,Brenda Smith,1999-03-26,F,,,GQ
UA-54-OONI,Debra Clarke,1955-04-26,F,,,UA
LV-74-HDAN,Rachel Rhodes,1977-09-27,F,,,LV
JM-29-NRCL,Heather Campbell,1967-03-08,F,,,JM
JP-86-TNMC,Jill Hansen,1966-07-08,F,,,JP
LB-95-YDKY,Caroline Johnson,1954-05-13,F,,,LB
CO-50-IEWB,Timothy Davis,1968-06-08,M,,,CO
FJ-29-CKSN,Denise Wallace,1981-06-21,F,,,FJ
HU-29-AADI,Claudia Harding,1960-04-12,F,,,HU
TR-57-FTTI,Ashley Romero,1989-07-05,F,,,TR
DK-43-OIHE,Ann Ewing,1974-10-03,F,,,DK
HU-04-YHYZ,Jonathan French,2002-06-23,M,,,HU
HU-29-PTVK,Melissa Hanson,1982-09-15,F,,,HU
KW-63-YBAS,Robin Snyder,1975-09-05,F,,,KW
KM-93-XBYM,Terry Martinez,1989-09-19,F,,,KM
KN-14-FVCJ,Johnny Zavala,1971-10-06,M,,,KN
IT-22-PEDI,Sarah Alvarez,1995-11-30,F,,,IT
PE-74-YWMW,Nicholas Brooks,1999-01-11,M,,,PE
SV-56-RKSO,Tara Garcia,1984-01-04,F,,,SV
PL-02-HSUM,James Le,1997-09-16,M,,,PL
IL-21-NXNU,Deanna Lewis,1976-02-19,F,,,IL
LV-22-KLCK,Brandi Taylor,1996-07-04,F,,,LV
LV-05-SDQD,Gary Palmer,1966-08-24,M,,,LV
BE-77-WMCU,Michael Cunningham,1998-06-09,M,,,BE
AG-15-AXPD,Kristine Nelson,1971-09-09,F,,,AG
MH-82-QUQQ,Jessica Whitehead,1961-05-03,F,,,MH
KI-46-KMTM,Nicole Jackson,1971-08-10,F,,,KI
PE-26-QKES,Donald Henry,1967-02-22,M,,,PE
BG-23-MXKP,Mary Harrington,1961-10-17,F,,,BG
TL-70-MEAZ,William Lowery,1990-02-25,M,,,TL
HU-09-YOMF,Dylan Morgan,1986-02-12,M,,,HU
MU-86-NSQY,Nathan Cordova,1994-10-01,M,,,MU
MZ-05-KSNB,Nicholas Payne,2003-06-05,M,,,MZ
FR-39-UXNL,Julia House,1959-03-18,F,,,FR
MH-94-NICB,Kiara Bishop,1955-09-08,F,,,MH
UG-10-ZAOH,Paul Parker,1983-10-21,M,,,UG
UY-44-XVGT,Madeline Evans,1969-10-20,F,,,UY
NG-05-HXMK,Crystal Kelley,1988-02-10,F,,,NG
LI-60-WOQX,Brooke Lynch,1969-08-22,F,,,LI
GT-92-SZTI,Kenneth Schwartz,1960-10-11,M,,,GT
PK-91-BGEQ,Elaine Miller,1971-10-30,F,,,PK
CZ-29-TDVC,Joseph Pacheco,1957-09-19,M,,,CZ
KW-92-WXWG,Dawn Bell,1999-08-26,F,,,KW
IL-26-LONT,Angela Chambers,1962-07-31,F,,,IL
NE-47-KTQW,Kevin Schmidt,1989-04-21,M,,,NE
UA-48-LSQA,Billy Thompson,1958-09-17,M,,,UA
VE-17-BHJS,Jessica Ruiz,1975-09-30,F,,,VE
KH-50-AIMN,Randall Campbell,1993-04-22,M,,,KH
SL-08-MBHF,Ryan Turner,1974-06-08,M,,,SL
GW-86-YTJE,Sarah Escobar,1988-02-24,F,,,GW
NR-37-LBDQ,Larry Page,1980-02-10,M,,,NR
SC-46-EEDI,Matthew Grimes,1965-05-27,M,,,SC
SE-82-ZZGF,Tammie Rodriguez,2004-08-24,F,,,SE
AD-79-YSPZ,Nicole Johnson,1978-09-09,F,,,AD
TH-41-ZNWM,Scott Allen,1960-11-15,M,,,TH
GH-54-LLPG,Donna Williams,1956-01-28,F,,,GH
AE-40-YCAI,Jeremy Duffy,1997-01-07,M,,,AE
CU-98-EPQF,Caitlyn Schultz,1976-03-19,F,,,CU
MV-69-PAUV,Ruth Moore,1969-10-06,F,,,MV
SZ-77-EHSK,Marissa Ray,1975-07-07,F,,,SZ
BJ-13-XTDN,Jasmine Wang,1962-02-15,F,,,BJ
BN-80-KGLB,Laura Schmidt,1972-10-29,F,,,BN
UA-46-DCPW,Ryan Ortega,2000-04-09,M,,,UA
FI-41-VHDK,Brett Richmond,1968-01-22,M,,,FI
EC-20-XXUI,Laura Mclaughlin,1988-07-13,F,,,EC
SD-13-JWTY,Hannah Taylor,1955-01-05,F,,,SD
CU-26-GMMN,Jacqueline Jenkins,1986-10-31,F,,,CU
MW-95-LWZC,Michael Williams,1982-06-13,M,,,MW
MW-01-ITZV,Brian Bates,1957-05-08,M,,,MW
TL-07-MAKC,Mary Lewis,1992-11-07,F,,,TL
CM-45-YLHD,Hannah Barber,1961-05-22,F,,,CM
AO-18-FTBD,Austin Hancock,1954-08-20,M,,,AO
MM-70-AGQY,Lauren Thomas,1996-02-21,F,,,MM
TM-20-OTQH,Karen Jackson,1956-10-28,F,,,TM
AU-61-MMXA,Mario Wang,1974-12-19,M,,,AU
BF-88-OAVJ,Joshua Foster,1980-09-08,M,,,BF
DK-82-WVZZ,Michelle Montoya,1997-11-30,F,,,DK
SL-59-FQXF,Lisa Smith,1953-11-24,F,,,SL
PK-99-OPMV,Theodore Coleman,1953-12-08,M,,,PK
CD-02-ODUL,Rachel Moreno,1997-06-02,F,,,CD
MR-53-KAJP,Peter Beck,1992-08-29,M,,,MR
LI-08-UUZW,Shelly Bowen,1957-10-14,F,,,LI
UA-06-UVKH,Aaron James,1953-11-29,M,,,UA
AL-40-YJDQ,Jared Jackson,1997-03-06,M,,,AL
AT-05-UEED,Keith Garcia,1986-06-17,M,,,AT
SM-24-CANE,John Kennedy,1991-11-27,M,,,SM
KI-87-ZMPR,Corey Dunn,1962-08-31,M,,,KI
HR-90-QFCS,Jennifer Patel,2001-08-11,F,,,HR
JO-56-JMGK,Sarah Kaufman,1983-12-12,F,,,JO
MV-90-WBRM,Sara Garcia,1958-10-12,F,,,MV
GQ-40-UVRW,Gary Mcintosh,1969-04-01,M,,,GQ
NZ-33-LNWS,James Moore,2001-10-18,M,,,NZ
SI-76-PKYV,Shannon Johnson,1995-09-18,M,,,SI
NA-49-YKOQ,Amanda Banks,1984-11-14,F,,,NA
AG-21-SLRC,Theresa Ray,1960-08-12,F,,,AG
NL-29-EKUS,Eric Velez,1956-06-06,M,,,NL
BF-35-YGKH,Anne Brooks,1972-03-12,F,,,BF
KM-57-HSSD,Alyssa Brown,1994-06-14,F,,,KM
SR-46-PNHC,Lucas Cummings,1985-10-16,M,,,SR
CI-80-TJEJ,Sarah Clark,1971-07-01,F,,,CI
CG-37-NPAV,Jessica Finley,1965-04-20,F,,,CG
VE-85-IUOQ,Lawrence Harris,1961-01-19,M,,,VE
CL-99-URGW,Lori Lewis,1967-02-23,F,,,CL
GW-32-XCHV,Michele Patel,1959-02-27,F,,,GW
RS-34-ZREF,Rhonda Coffey,1997-02-08,F,,,RS
FI-16-HYNO,Michelle Ortiz,1989-11-06,F,,,FI
CV-17-ZXZF,Eric Schwartz,1957-02-10,M,,,CV
EC-02-XACV,Jennifer Taylor,1969-07-07,F,,,EC
BJ-54-EVZB,Jordan Ward,1975-07-17,M,,,BJ
BS-41-YBDJ,Timothy Weeks,1974-03-25,M,,,BS
MZ-76-AROZ,Brent Glenn,1987-04-24,M,,,MZ
DZ-06-VVHG,Jessica Ramsey,1955-03-10,F,,,DZ
KZ-02-OQND,Robert Anderson,1998-02-15,M,,,KZ
GR-12-UISL,Mary Brewer,1955-06-04,F,,,GR
TO-48-PXGC,William Mckinney,1967-02-24,M,,,TO
UG-36-ITCE,Dennis Jackson,1981-12-21,M,,,UG
AO-85-FKST,Samantha Jennings,1999-06-22,F,,,AO
HR-88-BWXB,Samantha Jacobs,1953-12-26,F,,,HR
AF-51-CQRL,Christy Rollins,1993-09-07,F,,,AF
BN-95-GQTF,James Simmons,1955-12-15,M,,,BN
UG-89-PTFL,Mary Robinson,2001-06-24,F,,,UG
SE-23-XEZR,Angela Blevins,1975-11-12,F,,,SE
MZ-73-JMIR,Amanda Smith,1972-01-06,F,,,MZ
FJ-38-DFBK,Glen Crawford,1984-08-10,M,,,FJ
LI-79-MYVD,Christina Wang,1995-12-21,F,,,LI
UA-74-IGHR,Alyssa Molina,1989-05-15,F,,,UA
PG-04-WIPE,Nicole Harris,1970-07-04,F,,,PG
PH-01-UGYN,Melissa Martin,1954-03-23,F,,,PH
CO-07-VXWU,Joel Wilson,1975-06-01,M,,,CO
HU-50-YFUY,Travis Johnston,1986-01-24,M,,,HU
KI-37-ZJYS,Peter Mcguire,1971-02-12,M,,,KI
TJ-45-XQUZ,Kelsey Calderon,1981-07-17,F,,,TJ
BA-57-HCFZ,Billy Smith,1968-10-05,M,,,BA
TT-40-DGEK,Rachel Thompson,1971-11-03,F,,,TT
SK-12-KOCI,Victoria Christian,1986-11-14,F,,,SK
KG-94-BSUI,Erica Ball,1970-02-17,F,,,KG
LA-09-ULQO,Kimberly Harris,1952-11-14,F,,,LA
GE-48-EBJN,Karen Olson,1964-01-08,F,,,GE
RU-65-XUNP,Natasha Adams,1960-10-02,F,,,RU
MT-24-DQVW,Hannah Williams,2000-09-07,F,,,MT
TH-96-CSVY,Jamie Smith,1978-09-10,M,,,TH
TM-64-TAKC,Heather Stafford,1958-11-30,F,,,TM
MA-68-GEID,Angel Nelson,1974-12-08,M,,,MA
BG-49-DXZZ,Sarah Garrett,1993-12-21,F,,,BG
MR-13-BSFU,Edward Navarro,1960-05-17,M,,,MR
HR-18-EYFP,Chelsea Oneill,1980-05-02,F,,,HR
SE-65-GLVV,Larry Patterson,1957-12-07,M,,,SE
PS-54-CEHS,Allison Reynolds,2001-05-28,F,,,PS
NO-05-CKDY,Damon Brown,1975-03-21,M,,,NO
BH-08-WPVD,Tami Chan,1964-09-16,F,,,BH
EG-40-QXUW,Anthony Lane,1957-03-05,M,,,EG
CA-27-NOCK,Sarah Crosby,1981-03-03,F,,,CA
TD-07-NHFS,Marissa Barr,1962-02-14,F,,,TD
AF-97-VZQG,Ronald Fisher,1955-09-01,M,,,AF
BN-98-OSRX,Aaron Miller,1969-01-21,M,,,BN
GE-19-KBYQ,David Arnold,1969-11-13,M,,,GE
DE-77-BMRR,Matthew Bowers,1957-03-16,M,,,DE
UZ-77-IBGD,Patrick Brown,1987-07-05,M,,,UZ
PA-76-HJXE,Eric Gonzalez,1968-06-03,M,,,PA
BA-71-MJCD,Emily Nguyen,2002-07-18,F,,,BA
TR-75-AZQH,Jaclyn Myers,1983-04-24,F,,,TR
KP-41-IPDM,Donna Mccarty,1992-09-17,F,,,KP
SK-71-SAEO,Brandy Kerr,1997-11-13,F,,,SK
TW-18-ZGXM,Howard Friedman,1968-07-14,M,,,TW
GB-72-VKIS,James Saunders,2002-05-30,M,,,GB
RW-85-LQSM,Vickie Franco,1989-12-24,F,,,RW
MG-37-UALP,Daniel Hardy,2002-10-23,M,,,MG
BG-01-TZGG,Tonya Schaefer,1992-05-01,F,,,BG
MK-78-NATN,Jonathan Walker,1982-09-23,M,,,MK
PA-44-LZUJ,Thomas Williams,1959-04-12,M,,,PA
NL-70-XUGG,John Turner,1974-12-07,M,,,NL
ST-44-PBJA,Anthony Campbell,1959-08-17,M,,,ST
KG-17-STQW,Nicholas Compton,1991-05-19,M,,,KG
ET-80-OLAF,Amy Arroyo,1982-04-03,F,,,ET
GY-62-VNAL,Cameron Harris,1975-12-04,M,,,GY
MT-22-TMVD,Adam Pena,1977-01-25,M,,,MT
IQ-44-DSTM,James Norris,2001-09-30,M,,,IQ
DO-68-VNGZ,Deborah Pratt,1981-04-25,F,,,DO
ZW-62-TARA,Oscar Baker,1976-08-14,M,,,ZW
SG-18-SQSJ,Desiree Tran,1999-07-24,F,,,SG
BO-28-CSVC,Michael Chang,1976-07-17,M,,,BO
IT-31-HZOU,Justin Gonzalez,1992-05-25,M,,,IT
SN-75-RZCF,Samuel Neal,1978-10-24,M,,,SN
BW-14-YWIR,Erika Dunn,1995-02-11,F,,,BW
LY-60-RNOT,Amber Berg,1995-03-20,F,,,LY
VU-53-PQBI,Sarah Norton,1969-05-15,F,,,VU
SD-85-VKAT,Diana Hill,1978-05-12,F,,,SD
KM-80-YSMR,Edward Carter,2000-07-28,M,,,KM
EE-90-WZYM,Alexis Grimes,2002-12-30,F,,,EE
VN-41-HNEV,Mary Castillo,1989-03-16,F,,,VN
KH-06-NXMS,Justin Bennett,1955-05-03,M,,,KH
BB-77-IFNE,Karen Mitchell,1989-04-05,F,,,BB
PK-23-DZBO,Anthony Barry,1986-10-29,M,,,PK
DE-93-JWFT,David Vargas,1984-02-07,M,,,DE
CO-98-BBWZ,Jonathan Dickerson,1989-11-04,M,,,CO
BA-51-EOIN,Timothy Rubio,1963-01-28,M,,,BA
MW-67-GLLF,Brian Cooper,1965-11-26,M,,,MW
DK-20-JDCB,Larry Nunez,1982-11-23,M,,,DK
MK-77-VZCH,David Nelson,1963-11-22,M,,,MK
GE-06-AGFT,Allen Price,1963-06-07,M,,,GE
AE-75-VRXL,Christopher Ferguson,2002-01-25,M,,,AE
IR-73-WFCN,Kenneth Petty,1959-03-09,M,,,IR
IQ-71-WNSV,Meghan Mccarthy,1970-08-27,F,,,IQ
GR-95-CXYT,Adrienne Hill,1990-12-20,F,,,GR
CN-95-SXQD,Tammy Thomas,1995-05-02,F,,,CN
ZM-96-GNEC,Stacey Castro,1970-07-24,F,,,ZM
BY-88-UYOA,Holly Miller,1977-10-05,F,,,BY
KN-45-CBGC,Jason Warren,1985-06-08,M,,,KN
BD-49-QBOO,Kelly Jacobs,1964-07-06,F,,,BD
AM-28-UULE,Jessica Berger,1953-07-07,F,,,AM
VC-54-LRXM,Jacob Snyder,1995-01-10,M,,,VC
MD-21-AHVQ,Katherine Rodriguez,1962-12-14,F,,,MD
SR-95-UIES,Sandy Henry,1962-06-23,F,,,SR
GY-09-FNLL,Victoria Mullen,1979-04-04,F,,,GY
AD-66-QATC,Robert Blackburn,1958-10-12,M,,,AD
BB-57-WSAL,Kerry Martin,1954-11-10,F,,,BB
GR-41-RJSR,Alexander Fernandez,1961-01-29,M,,,GR
HU-09-FECM,David Morton,1953-06-20,M,,,HU
CZ-60-WFMK,Martin Garcia,1955-04-28,M,,,CZ
NP-69-EVNC,Emily Hart,2003-02-23,F,,,NP
GR-60-EKME,David Merritt,1979-01-30,M,,,GR
CR-73-CPVJ,Wesley Murray,1978-02-10,M,,,CR
TN-75-CJTD,Randall Carr,1986-01-18,M,,,TN
LI-06-QSBU,Sarah Porter,1997-06-12,F,,,LI
CV-05-CPVI,Victor Harris,1964-02-29,M,,,CV
PS-94-PROE,Brian Johns,1986-01-20,M,,,PS
IR-10-VKVY,Robert Ramirez,1987-12-05,M,,,IR
BE-95-JILO,Darrell Baker,1954-08-14,M,,,BE
LK-57-OOGN,Veronica Avila,1972-04-28,F,,,LK
JM-28-LJEV,Todd Long,1965-07-22,M,,,JM
KP-33-QAPQ,Sarah Cunningham,1993-08-19,F,,,KP
KZ-27-WPSR,Jason Walker,1959-07-20,M,,,KZ
BS-44-UBMB,James Evans,1953-04-23,M,,,BS
HR-41-NCFI,Jacob Petty,1964-04-19,M,,,HR
SL-67-YBFZ,David Hernandez,1995-09-05,M,,,SL
KZ-98-HLSN,Cindy Saunders,1958-08-19,F,,,KZ
MX-98-ELYY,Michael Palmer,1969-01-12,M,,,MX
AM-14-OIUO,Patricia Robbins,1981-12-30,F,,,AM
SZ-20-GYCG,Dorothy Floyd,1991-10-28,F,,,SZ
NI-25-MBLX,Kenneth Guzman,1984-10-13,M,,,NI
AD-31-KBXC,Anna Tyler,1993-10-02,F,,,AD
EG-12-ZRNW,Misty Ward,1995-06-21,F,,,EG
BW-09-SSIG,David Richardson,1953-12-11,M,,,BW
BJ-22-XLWE,Jennifer Riley,2000-07-09,F,,,BJ
LI-51-NUUA,Ryan King,1968-09-05,M,,,LI
GD-41-FXUY,Angie Hammond,1968-08-07,F,,,GD
MU-33-POEY,Olivia Yang,1976-01-17,F,,,MU
BD-45-CDCM,Timothy Marshall,2002-04-04,M,,,BD
LS-29-QSTX,Tommy Sharp,1968-11-06,M,,,LS
DK-44-QLYV,Brian Moyer,1976-11-16,M,,,DK
TG-53-SZJQ,Derek Lopez,1957-04-05,M,,,TG
SE-58-MWSI,Michael Ellis,2000-10-31,M,,,SE
OM-95-FQXL,Matthew Cardenas,1991-12-25,M,,,OM
AT-29-JFKS,Melissa Austin,1999-06-19,F,,,AT
FI-54-YLLI,Kathryn Zamora,1965-09-10,F,,,FI
FR-92-EJDA,Aaron Small,1973-08-29,M,,,FR
ME-33-OQHF,Jordan Alexander,1973-05-12,F,,,ME
TJ-38-HARG,Christine Peterson,1986-04-26,F,,,TJ
AD-92-DXBL,Scott Hoffman,1973-01-18,M,,,AD
AO-42-JGCM,Todd Casey,1993-03-13,M,,,AO
CU-92-DUYS,Samantha Bullock,1984-02-21,F,,,CU
PY-87-BRFV,Gary Cain,1957-11-18,M,,,PY
TM-90-JVRL,Jamie Reese,1972-01-27,F,,,TM
KE-78-CLHP,Janet Edwards,1977-08-02,F,,,KE
VN-02-DPSU,Allison Webb,1960-02-25,F,,,VN
UZ-75-UBAD,Mark Ross,1968-12-28,M,,,UZ
AG-92-JLBU,Matthew Berry,1993-02-08,M,,,AG
TH-01-GQJT,Taylor Lozano,1961-05-19,M,,,TH
TG-34-FGGJ,Catherine Russell,1990-11-24,F,,,TG
AU-59-VLQR,David Petty,1987-08-19,M,,,AU
JM-66-ABLC,Jason Wilson,1997-11-19,M,,,JM
VC-25-ZVJG,Tyler Miller,1953-07-24,M,,,VC
CO-30-SNMV,Daniel Melendez,1957-06-21,M,,,CO
DZ-84-RQTE,Benjamin Gray,2001-08-07,M,,,DZ
MY-91-HSGH,David Grant,1977-07-05,M,,,MY
NZ-30-JOCM,Lee Spencer,1987-12-02,M,,,NZ
TJ-26-HMOE,Isaiah Snow,1975-08-05,M,,,TJ
VU-87-JQIT,Jill Stevenson,1975-05-29,F,,,VU
TR-73-WTPZ,Karen Moss,1989-05-02,F,,,TR
FM-54-PNCP,Judy Lopez,1957-08-28,F,,,FM
CZ-12-CPKE,Jorge Carr,1976-02-17,M,,,CZ
CV-40-IBTE,Jared Vincent,1996-09-23,M,,,CV
SE-18-ERER,Juan Vaughn,1952-11-28,M,,,SE
KP-34-JULN,Melanie Jackson,1956-09-15,F,,,KP
HT-65-STBJ,Kelly Robles,1967-02-27,F,,,HT
ET-65-PYEQ,Kimberly Hall,1962-01-06,F,,,ET
BF-21-LCHW,Daniel Ponce,2001-04-16,M,,,BF
BR-21-GLYP,Jasmin Donovan,1970-10-04,F,,,BR
RW-03-KJQW,Brittney Clark,1964-10-09,F,,,RW
GB-56-OXTO,Jeffrey Anderson,1963-01-15,M,,,GB
TV-66-OKEN,Nicholas Lawson,1976-03-26,M,,,TV
CM-63-PLMT,Stacie Whitaker,1971-04-03,F,,,CM
KZ-14-IEEM,Vincent Phillips,1962-09-16,M,,,KZ
BW-62-ROVQ,Aaron Sanchez,1980-01-13,M,,,BW
LC-04-WISE,Eric Allen,1999-09-17,M,,,LC
MY-82-OASW,Walter Bishop,1955-05-10,M,,,MY
MG-16-RNIV,Amanda Lopez,2004-03-05,F,,,MG
HT-80-RLJB,Sandra Bates,1955-08-25,F,,,HT
TW-56-WHNA,David Hall,1993-02-06,M,,,TW
KR-75-OKRC,Marissa Duran,1978-06-16,F,,,KR
BF-88-UXJH,Sara Ortiz,1966-03-24,F,,,BF
KZ-67-TLUH,Karen Russell,1997-01-01,F,,,KZ
KW-24-EJNZ,Erica Gonzalez,1998-11-09,F,,,KW
GD-84-DXPX,Jesse Davis,1995-02-24,M,,,GD
IL-63-CSEV,Michael Alvarado,1984-05-17,M,,,IL
KG-17-KIKY,Karen Wright,1962-01-29,F,,,KG
GT-63-TGHU,Robert King,1971-04-15,M,,,GT
ME-61-ZIHS,Trevor Conway,1982-08-04,M,,,ME
NZ-26-JAYO,Daniel Blackwell,1970-01-18,M,,,NZ
CF-59-KOJQ,Cheryl Cortez,1955-03-24,F,,,CF
IE-73-TSRQ,Eric Cole,1961-04-02,M,,,IE
PE-39-JOEE,Heather Cohen,1985-04-15,F,,,PE
HN-76-MTFC,Chad Gonzalez,1980-02-20,M,,,HN
PW-01-HUVQ,Fred Hughes,1984-04-22,M,,,PW
PG-76-XUTQ,Andrea Owens,1990-01-05,F,,,PG
US-37-IGZM,Sandra Jackson,1997-10-26,F,,,US
CR-83-OMOQ,Christian Hernandez,2004-07-05,M,,,CR
TM-31-YVUM,Bryan Wright,1999-04-06,M,,,TM
SN-23-HTCJ,Melanie Wilson,1978-08-19,F,,,SN
SC-05-ZGYQ,Julia Short,2000-11-15,F,,,SC
LV-35-EOEK,William Chung,1986-08-19,M,,,LV
HR-26-QRZW,Gabrielle Vance,2000-10-23,F,,,HR
SO-44-MDUD,Douglas Washington,1961-12-13,M,,,SO
ZM-66-GMRS,Kristina Cruz,1961-09-14,F,,,ZM
TR-18-YTFY,Richard George,1964-09-29,M,,,TR
MY-31-DTQW,Jonathan Lloyd,1953-04-14,M,,,MY
MD-86-NQEC,Jonathan Stephenson,1988-06-21,M,,,MD
ZA-94-VHKP,Stephanie Taylor,2001-02-27,F,,,ZA
RS-67-HBNZ,Jennifer Cardenas,1967-04-27,F,,,RS
BZ-04-HFOI,Thomas Cooper,1975-03-03,M,,,BZ
UY-64-PXFC,John Johnson,2004-04-29,M,,,UY
BY-43-PMAH,Amber Thomas,1977-04-02,F,,,BY
NZ-56-FRIJ,Jon Garner,1954-12-10,M,,,NZ
LB-48-HNWS,Jacqueline Turner,1953-03-03,F,,,LB
NZ-96-GZBA,Roy Atkinson,1992-01-30,M,,,NZ
BN-21-QJHV,Mary Stout,1956-04-12,F,,,BN
CM-96-CDCJ,Chelsea Parks,1966-07-07,F,,,CM
PG-05-XORC,Katherine Johnson,1984-04-22,F,,,PG
BE-95-XMPN,Kenneth Contreras,1995-03-23,M,,,BE
